system:index,ETi,area,closestFieldsEtAvg,endDate,et,groupNumber,meterMinusModelDepth,meterMinusModelDepthAbs,meterMinusModelVolume,meterMinusModelVolumeAbs,numberOfClosestFields,random,startDate,system:time_end,system:time_start,waterMeterDepth,waterMeterVolume,waterModelDepth,waterModelVolume
0_0_10_000000000000000000fd,0,164651.4992,21.87502,11/1/2011,19.87872899,30,26.43210599,26.43210599,4352.085877,4352.085877,9,0.481719022,10/1/2011,1.32013E+12,1.31745E+12,26.43210599,4352.085877,0,0
0_0_10_00000000000000000151,0,519541.8246,19.0806246,11/1/2011,13.2413082,32,0,0,0,0,7,0.310096588,10/1/2011,1.32013E+12,1.31745E+12,0,0,0,0
0_0_100_00000000000000000026,0,136664.5352,40.91263114,5/1/2019,39.55946921,26,13.0404792,13.0404792,1782.171028,1782.171028,12,0.335828211,4/1/2019,1.55669E+12,1.5541E+12,13.0404792,1782.171028,0,0
0_0_101_0000000000000000018d,0,300941.6978,97.13972534,6/1/2019,84.41971557,6,17.78355309,17.78355309,5351.812658,5351.812658,10,0.449281538,5/1/2019,1.55937E+12,1.55669E+12,17.78355309,5351.812658,0,0
0_0_101_000000000000000001b3,0,458936.3952,95.96799785,6/1/2019,91.90158837,7,0.747289057,0.747289057,342.958146,342.958146,12,0.882175861,5/1/2019,1.55937E+12,1.55669E+12,0.747289057,342.958146,0,0
0_0_101_000000000000000000c6,0,1637586.328,92.28492369,6/1/2019,66.07890541,12,0.298334684,0.298334684,488.5488,488.5488,16,0.942993428,5/1/2019,1.55937E+12,1.55669E+12,0.298334684,488.5488,0,0
0_0_101_000000000000000000ab,0,1008513.294,93.09335497,6/1/2019,78.86698452,15,13.28445572,13.28445572,13397.5502,13397.5502,9,0.52613119,5/1/2019,1.55937E+12,1.55669E+12,13.28445572,13397.5502,0,0
0_0_101_00000000000000000160,0,1601297.922,95.74062629,6/1/2019,87.41557321,17,7.666097557,7.666097557,12275.70609,12275.70609,20,0.858726081,5/1/2019,1.55937E+12,1.55669E+12,7.666097557,12275.70609,0,0
0_0_101_00000000000000000027,0,136664.5352,88.34987811,6/1/2019,87.18175728,26,53.07319922,53.07319922,7253.224101,7253.224101,12,0.87994605,5/1/2019,1.55937E+12,1.55669E+12,53.07319922,7253.224101,0,0
0_0_101_0000000000000000010f,0,154262.6181,85.63797796,6/1/2019,81.60304404,30,17.92554826,17.92554826,2765.242005,2765.242005,11,0.561292956,5/1/2019,1.55937E+12,1.55669E+12,17.92554826,2765.242005,0,0
0_0_102_000000000000000001b6,0,458936.3952,82.4117739,7/1/2019,81.00168127,7,0,0,0,0,12,0.419126558,6/1/2019,1.56196E+12,1.55937E+12,0,0,0,0
0_0_102_00000000000000000171,0,447255.1226,93.90510066,7/1/2019,88.89000245,9,85.71322701,85.71322701,38335.67986,38335.67986,6,0.836733628,6/1/2019,1.56196E+12,1.55937E+12,85.71322701,38335.67986,0,0
0_0_102_000000000000000000c7,0,1637586.328,90.74729488,7/1/2019,78.16893467,12,16.3991798,16.3991798,26855.07264,26855.07264,16,0.579375415,6/1/2019,1.56196E+12,1.55937E+12,16.3991798,26855.07264,0,0
0_0_102_00000000000000000189,0,271207.8642,96.58283853,7/1/2019,64.47510007,18,0,0,0,0,10,0.996798107,6/1/2019,1.56196E+12,1.55937E+12,0,0,0,0
0_0_103_0000000000000000018a,0,271207.8642,82.697769,8/1/2019,37.90229766,18,0,0,0,0,10,0.458734934,7/1/2019,1.56464E+12,1.56196E+12,0,0,0,0
0_0_104_0000000000000000018b,0,271207.8642,70.2030588,9/1/2019,45.43741228,18,0,0,0,0,10,0.96770452,8/1/2019,1.56732E+12,1.56464E+12,0,0,0,0
0_0_104_00000000000000000149,0,469668.1047,55.18212499,9/1/2019,48.06166033,32,0.794369483,0.794369483,373.0900096,373.0900096,3,0.750926221,8/1/2019,1.56732E+12,1.56464E+12,0.794369483,373.0900096,0,0
0_0_105_0000000000000000018c,0,271207.8642,36.97749269,10/1/2019,19.71731559,18,0,0,0,0,10,0.626895172,9/1/2019,1.56991E+12,1.56732E+12,0,0,0,0
0_0_106_0000000000000000002a,0,136664.5352,27.60276185,11/1/2019,27.30291162,26,9.702803447,9.702803447,1326.029123,1326.029123,12,0.709551418,10/1/2019,1.57259E+12,1.56991E+12,9.702803447,1326.029123,0,0
0_0_111_00000000000000000118,0,154262.6181,34.01389975,4/1/2020,32.44713762,30,4.392434138,4.392434138,677.58839,677.58839,11,0.550007305,3/1/2020,1.58572E+12,1.58305E+12,4.392434138,677.58839,0,0
0_0_111_00000000000000000067,0,197246.0648,35.33870267,4/1/2020,29.75523217,33,0,0,0,0,4,0.999141876,3/1/2020,1.58572E+12,1.58305E+12,0,0,0,0
0_0_112_00000000000000000119,0,154262.6181,48.82936324,5/1/2020,34.92673759,30,0.82204773,0.82204773,126.811235,126.811235,11,0.426167053,4/1/2020,1.58832E+12,1.58572E+12,0.82204773,126.811235,0,0
0_0_112_00000000000000000060,0,197246.0648,57.29022835,5/1/2020,44.2209002,33,2.918997961,2.918997961,575.760861,575.760861,4,0.809288387,4/1/2020,1.58832E+12,1.58572E+12,2.918997961,575.760861,0,0
0_0_113_00000000000000000174,0,447255.1226,72.22297709,6/1/2020,56.90156823,9,12.46568421,12.46568421,5575.341119,5575.341119,6,0.885697254,5/1/2020,1.59099E+12,1.58832E+12,12.46568421,5575.341119,0,0
0_0_113_0000000000000000002c,0,136664.5352,61.79190861,6/1/2020,58.34462767,26,57.67115917,57.67115917,7881.602161,7881.602161,12,0.404644862,5/1/2020,1.59099E+12,1.58832E+12,57.67115917,7881.602161,0,0
0_0_114_000000000000000000ae,0,1008513.294,68.59216701,7/1/2020,64.23182035,15,29.03158752,29.03158752,29278.74196,29278.74196,9,0.42542072,6/1/2020,1.59359E+12,1.59099E+12,29.03158752,29278.74196,0,0
0_0_114_00000000000000000186,0,271207.8642,76.57968175,7/1/2020,65.29870822,18,2.591227834,2.591227834,702.7613665,702.7613665,10,0.764761668,6/1/2020,1.59359E+12,1.59099E+12,2.591227834,702.7613665,0,0
0_0_114_0000000000000000017c,0,466135.0442,93.83523449,7/1/2020,84.70933134,37,19.49457339,19.49457339,9087.10383,9087.10383,15,0.953667294,6/1/2020,1.59359E+12,1.59099E+12,19.49457339,9087.10383,0,0
0_0_117_00000000000000000175,0,447255.1226,37.05288343,10/1/2020,32.13550399,9,39.72692569,39.72692569,17768.07102,17768.07102,6,0.404596283,9/1/2020,1.60154E+12,1.59894E+12,39.72692569,17768.07102,0,0
0_0_12_000000000000000000fe,0,164651.4992,5.363966469,1/1/2012,5.17570309,30,25.3607516,25.3607516,4175.685771,4175.685771,9,0.578212122,12/1/2011,1.3254E+12,1.32273E+12,25.3607516,4175.685771,0,0
0_0_120_0000000000000000011d,0,154262.6181,16.58601498,1/1/2021,16.15663941,30,0.409796928,0.409796928,63.216347,63.216347,11,0.486713245,12/1/2020,1.60949E+12,1.60681E+12,0.409796928,63.216347,0,0
0_0_122_0000000000000000004d,0,136664.5352,19.82637561,3/1/2021,14.79564545,26,0,0,0,0,12,0.941029724,2/1/2021,1.61459E+12,1.61217E+12,0,0,0,0
0_0_123_0000000000000000004e,0,136664.5352,41.60379314,4/1/2021,37.9529245,26,0,0,0,0,12,0.672469587,3/1/2021,1.61726E+12,1.61459E+12,0,0,0,0
0_0_125_0000000000000000018f,0,300941.6978,80.919824,6/1/2021,63.5700758,6,30.85342058,30.85342058,9285.080773,9285.080773,10,0.931792338,5/1/2021,1.62253E+12,1.61985E+12,30.85342058,9285.080773,0,0
0_0_125_00000000000000000176,0,447255.1226,76.84582489,6/1/2021,70.26636901,9,59.7415916,59.7415916,26719.73288,26719.73288,6,0.483566177,5/1/2021,1.62253E+12,1.61985E+12,59.7415916,26719.73288,0,0
0_0_125_000000000000000001b1,0,278180.2348,86.82596986,6/1/2021,78.74233622,10,39.90693303,39.90693303,11101.32,11101.32,31,0.896019727,5/1/2021,1.62253E+12,1.61985E+12,39.90693303,11101.32,0,0
0_0_125_00000000000000000031,0,136664.5352,69.95079005,6/1/2021,64.97992785,26,66.4377515,66.4377515,9079.684426,9079.684426,12,0.771018671,5/1/2021,1.62253E+12,1.61985E+12,66.4377515,9079.684426,0,0
0_0_125_0000000000000000014a,0,469668.1047,61.18299949,6/1/2021,55.63366864,32,16.5396173,16.5396173,7768.130711,7768.130711,3,0.898820716,5/1/2021,1.62253E+12,1.61985E+12,16.5396173,7768.130711,0,0
0_0_125_0000000000000000017d,0,466135.0442,88.06308547,6/1/2021,86.21702807,37,21.82124311,21.82124311,10171.64612,10171.64612,15,0.827733755,5/1/2021,1.62253E+12,1.61985E+12,21.82124311,10171.64612,0,0
0_0_126_00000000000000000082,0,326215.8291,90.35820045,7/1/2021,83.69007676,8,61.89310353,61.89310353,20190.51008,20190.51008,8,0.448626288,6/1/2021,1.62512E+12,1.62253E+12,61.89310353,20190.51008,0,0
0_0_126_0000000000000000014b,0,469668.1047,100.0039485,7/1/2021,86.66519642,32,20.72969065,20.72969065,9736.07452,9736.07452,3,0.404766468,6/1/2021,1.62512E+12,1.62253E+12,20.72969065,9736.07452,0,0
0_0_127_000000000000000000d0,0,361322.1192,101.0879492,8/1/2021,92.88783036,14,36.42225714,36.42225714,13160.16714,13160.16714,29,0.573601307,7/1/2021,1.6278E+12,1.62512E+12,36.42225714,13160.16714,0,0
0_0_128_000000000000000000d1,0,361322.1192,80.06877207,9/1/2021,74.75337937,14,25.76142251,25.76142251,9308.171774,9308.171774,29,0.78238018,8/1/2021,1.63048E+12,1.6278E+12,25.76142251,9308.171774,0,0
0_0_129_00000000000000000177,0,447255.1226,43.04514339,10/1/2021,37.29461451,9,16.26628542,16.26628542,7275.179479,7275.179479,6,0.568488666,9/1/2021,1.63307E+12,1.63048E+12,16.26628542,7275.179479,0,0
0_0_129_00000000000000000032,0,136664.5352,37.44782751,10/1/2021,37.1312033,26,48.21487285,48.21487285,6589.263187,6589.263187,12,0.907646844,9/1/2021,1.63307E+12,1.63048E+12,48.21487285,6589.263187,0,0
0_0_132_00000000000000000051,0,136664.5352,2.721253658,1/1/2022,0.033908786,26,0,0,0,0,12,0.507713224,12/1/2021,1.64102E+12,1.63835E+12,0,0,0,0
0_0_136_00000000000000000033,0,136656.8152,58.517963,5/1/2022,50.09415099,26,13.84451932,13.84451932,1891.947918,1891.947918,15,0.95091481,4/1/2022,1.65139E+12,1.6488E+12,13.84451932,1891.947918,0,0
0_0_137_00000000000000000169,0,429135.2958,69.7550792,6/1/2022,62.2156832,9,54.52006353,54.52006353,23396.48359,23396.48359,4,0.858133783,5/1/2022,1.65407E+12,1.65139E+12,54.52006353,23396.48359,0,0
0_0_137_00000000000000000152,0,271920.8003,75.12248573,6/1/2022,73.24478102,10,22.68086881,22.68086881,6167.4,6167.4,31,0.532290355,5/1/2022,1.65407E+12,1.65139E+12,22.68086881,6167.4,0,0
0_0_137_00000000000000000034,0,136656.8152,61.26797825,6/1/2022,32.92056171,26,59.31149413,59.31149413,8105.319892,8105.319892,15,0.311279285,5/1/2022,1.65407E+12,1.65139E+12,59.31149413,8105.319892,0,0
0_0_137_0000000000000000014c,0,469668.1047,61.37413279,6/1/2022,44.21105535,32,0.375850569,0.375850569,176.5250245,176.5250245,2,0.628969154,5/1/2022,1.65407E+12,1.65139E+12,0.375850569,176.5250245,0,0
0_0_138_000000000000000000bb,0,1458115.639,89.15339354,7/1/2022,75.70796066,12,4.954269974,4.954269974,7223.89853,7223.89853,10,0.854788349,6/1/2022,1.65666E+12,1.65407E+12,4.954269974,7223.89853,0,0
0_0_138_0000000000000000009c,0,986130.6484,86.97241033,7/1/2022,74.72511421,15,31.33369119,31.33369119,30899.11321,30899.11321,9,0.579557812,6/1/2022,1.65666E+12,1.65407E+12,31.33369119,30899.11321,0,0
0_0_138_00000000000000000035,0,136656.8152,66.00349499,7/1/2022,44.18995104,26,71.25024528,71.25024528,9736.831602,9736.831602,15,0.945427546,6/1/2022,1.65666E+12,1.65407E+12,71.25024528,9736.831602,0,0
0_0_139_00000000000000000140,0,1154822.601,101.7108223,8/1/2022,92.65742943,3,14.97650388,14.97650388,17295.20517,17295.20517,18,0.905471949,7/1/2022,1.65934E+12,1.65666E+12,14.97650388,17295.20517,0,0
0_0_139_00000000000000000178,0,294373.4936,102.3145856,8/1/2022,97.88273663,6,86.88066738,86.88066738,25575.36558,25575.36558,12,0.420029883,7/1/2022,1.65934E+12,1.65666E+12,86.88066738,25575.36558,0,0
0_0_140_00000000000000000083,0,323310.0573,58.90184045,9/1/2022,42.64257842,8,50.6678754,50.6678754,16381.4337,16381.4337,8,0.303388538,8/1/2022,1.66202E+12,1.65934E+12,50.6678754,16381.4337,0,0
0_0_140_00000000000000000165,0,261396.9331,85.06709305,9/1/2022,83.37184985,18,60.67688081,60.67688081,15860.75055,15860.75055,9,0.71936906,8/1/2022,1.66202E+12,1.65934E+12,60.67688081,15860.75055,0,0
0_0_141_000000000000000000e6,0,1007038.422,35.7715306,10/1/2022,34.27489114,1,73.10995236,73.10995236,73624.53107,73624.53107,36,0.520757089,9/1/2022,1.66461E+12,1.66202E+12,73.10995236,73624.53107,0,0
0_0_141_0000000000000000016a,0,429135.2958,46.38196897,10/1/2022,41.17256143,9,112.559616,112.559616,48303.30412,48303.30412,4,0.595421567,9/1/2022,1.66461E+12,1.66202E+12,112.559616,48303.30412,0,0
0_0_141_00000000000000000157,0,1577032.335,40.16291948,10/1/2022,39.6814205,17,12.83748552,12.83748552,20245.12976,20245.12976,19,0.838485983,9/1/2022,1.66461E+12,1.66202E+12,12.83748552,20245.12976,0,0
0_0_146_00000000000000000056,0,136656.8152,13.78116738,3/1/2023,10.59154857,26,0,0,0,0,15,0.759240928,2/1/2023,1.67766E+12,1.67524E+12,0,0,0,0
0_0_147_0000000000000000003b,0,136498.1011,27.99294178,4/1/2023,22.77745687,28,0.166393963,0.166393963,22.71246,22.71246,15,0.406295883,3/1/2023,1.68033E+12,1.67766E+12,0.166393963,22.71246,0,0
0_0_149_0000000000000000016b,0,429135.2958,86.16061589,6/1/2023,67.50887315,9,101.5053814,101.5053814,43559.54187,43559.54187,4,0.945514547,5/1/2023,1.6856E+12,1.68292E+12,101.5053814,43559.54187,0,0
0_0_149_00000000000000000154,0,271920.8003,99.97086695,6/1/2023,88.16573118,10,45.36173763,45.36173763,12334.8,12334.8,31,0.472400132,5/1/2023,1.6856E+12,1.68292E+12,45.36173763,12334.8,0,0
0_0_149_000000000000000000bc,0,1458115.639,93.51552529,6/1/2023,70.23707264,12,8.973576292,8.973576292,13084.51193,13084.51193,10,0.883259379,5/1/2023,1.6856E+12,1.68292E+12,8.973576292,13084.51193,0,0
0_0_149_00000000000000000158,0,1577032.335,90.72456392,6/1/2023,69.15853329,17,9.24538031,9.24538031,14580.2637,14580.2637,19,0.346376106,5/1/2023,1.6856E+12,1.68292E+12,9.24538031,14580.2637,0,0
0_0_149_00000000000000000109,0,162278.64,96.1620453,6/1/2023,81.49021437,30,33.97486338,33.97486338,5513.394625,5513.394625,13,0.65454588,5/1/2023,1.6856E+12,1.68292E+12,33.97486338,5513.394625,0,0
0_0_15_0000000000000000003e,0,136664.5352,29.20696391,4/1/2012,27.17930946,26,0,0,0,0,9,0.575252803,3/1/2012,1.33326E+12,1.33059E+12,0,0,0,0
0_0_15_00000000000000000074,0,196514.873,27.90193713,4/1/2012,26.78429971,33,0,0,0,0,9,0.649351748,3/1/2012,1.33326E+12,1.33059E+12,0,0,0,0
0_0_150_0000000000000000016c,0,429135.2958,86.44444195,7/1/2023,74.44525264,9,70.42973909,70.42973909,30223.88692,30223.88692,4,0.759514958,6/1/2023,1.68819E+12,1.6856E+12,70.42973909,30223.88692,0,0
0_0_150_000000000000000000cc,0,355544.6634,93.59633254,7/1/2023,73.8694427,14,20.66797808,20.66797808,7348.389308,7348.389308,30,0.358820733,6/1/2023,1.68819E+12,1.6856E+12,20.66797808,7348.389308,0,0
0_0_150_00000000000000000167,0,261396.9331,95.94391263,7/1/2023,90.64319242,18,59.76418661,59.76418661,15622.17509,15622.17509,9,0.670155414,6/1/2023,1.68819E+12,1.6856E+12,59.76418661,15622.17509,0,0
0_0_150_0000000000000000010a,0,162278.64,88.93500446,7/1/2023,87.94497483,30,66.06424648,66.06424648,10720.81607,10720.81607,13,0.357755549,6/1/2023,1.68819E+12,1.6856E+12,66.06424648,10720.81607,0,0
0_0_151_00000000000000000001,0,282848.4498,102.449693,8/1/2023,89.73464404,38,23.5925875,23.5925875,6673.1268,6673.1268,12,0.492902302,7/1/2023,1.69087E+12,1.68819E+12,23.5925875,6673.1268,0,0
0_0_153_000000000000000000d6,0,1082083.025,45.54431386,10/1/2023,43.66057496,2,4.559650123,4.559650123,4933.92,4933.92,15,0.606375221,9/1/2023,1.69614E+12,1.69355E+12,4.559650123,4933.92,0,0
0_0_154_00000000000000000057,0,136656.8152,21.13239558,11/1/2023,20.5840505,26,0,0,0,0,15,0.58878818,10/1/2023,1.69882E+12,1.69614E+12,0,0,0,0
0_0_154_0000000000000000005a,0,136498.1011,21.13239558,11/1/2023,20.58668351,28,0,0,0,0,15,0.534734994,10/1/2023,1.69882E+12,1.69614E+12,0,0,0,0
0_0_16_00000000000000000008,0,136664.5352,49.7502918,5/1/2012,44.01038392,26,4.838937374,4.838937374,661.311127,661.311127,9,0.626735829,4/1/2012,1.33586E+12,1.33326E+12,4.838937374,661.311127,0,0
0_0_16_0000000000000000006c,0,196514.873,47.74842817,5/1/2012,44.15460785,33,1.910861332,1.910861332,375.512672,375.512672,9,0.532335661,4/1/2012,1.33586E+12,1.33326E+12,1.910861332,375.512672,0,0
0_0_17_00000000000000000009,0,136664.5352,87.79512959,6/1/2012,81.28082968,26,22.38320144,22.38320144,3058.989821,3058.989821,9,0.785284727,5/1/2012,1.33853E+12,1.33586E+12,22.38320144,3058.989821,0,0
0_0_17_0000000000000000006d,0,196514.873,82.56359226,6/1/2012,68.98711303,33,28.44679231,28.44679231,5590.21778,5590.21778,9,0.545528796,5/1/2012,1.33853E+12,1.33586E+12,28.44679231,5590.21778,0,0
0_0_18_0000000000000000006e,0,196514.873,56.27367627,7/1/2012,28.10981626,33,86.87906336,86.87906336,17073.0281,17073.0281,9,0.447979819,6/1/2012,1.34113E+12,1.33853E+12,86.87906336,17073.0281,0,0
0_0_2_000000000000000000f9,0,164651.4992,15.85140686,3/1/2011,13.5854919,30,23.18355717,23.18355717,3817.207444,3817.207444,9,0.37691116,2/1/2011,1.29897E+12,1.29655E+12,23.18355717,3817.207444,0,0
0_0_20_00000000000000000093,0,271963.3675,90.901211,9/1/2012,87.2866921,16,143.4710945,143.4710945,39018.88201,39018.88201,7,0.60954292,8/1/2012,1.34648E+12,1.3438E+12,143.4710945,39018.88201,0,0
0_0_21_000000000000000000ff,0,164651.4992,49.34781278,10/1/2012,42.61468321,30,33.53615117,33.53615117,5521.777567,5521.777567,10,0.902423987,9/1/2012,1.34907E+12,1.34648E+12,33.53615117,5521.777567,0,0
0_0_21_0000000000000000006f,0,196514.873,53.32851523,10/1/2012,51.39542075,33,9.887359002,9.887359002,1943.013099,1943.013099,9,0.827543971,9/1/2012,1.34907E+12,1.34648E+12,9.887359002,1943.013099,0,0
0_0_22_00000000000000000100,0,164651.4992,20.19802177,11/1/2012,19.35742809,30,25.37454586,25.37454586,4177.957017,4177.957017,10,0.370355955,10/1/2012,1.35175E+12,1.34907E+12,25.37454586,4177.957017,0,0
0_0_25_00000000000000000102,0,164651.4992,7.38758876,2/1/2013,6.915372953,30,23.13527725,23.13527725,3809.258083,3809.258083,10,0.383602389,1/1/2013,1.35971E+12,1.35703E+12,23.13527725,3809.258083,0,0
0_0_27_00000000000000000104,0,164651.4992,35.22936242,4/1/2013,21.58991223,30,24.61356238,24.61356238,4052.659946,4052.659946,10,0.475902911,3/1/2013,1.3648E+12,1.36212E+12,24.61356238,4052.659946,0,0
0_0_27_00000000000000000075,0,196514.873,35.57549376,4/1/2013,20.72990992,33,0,0,0,0,9,0.936795677,3/1/2013,1.3648E+12,1.36212E+12,0,0,0,0
0_0_28_0000000000000000000c,0,136664.5352,48.25134628,5/1/2013,45.80291162,26,5.567409343,5.567409343,760.86741,760.86741,9,0.66108555,4/1/2013,1.36739E+12,1.3648E+12,5.567409343,760.86741,0,0
0_0_28_00000000000000000105,0,164651.4992,54.86829317,5/1/2013,52.46778706,30,20.58793678,20.58793678,3389.834655,3389.834655,10,0.673606073,4/1/2013,1.36739E+12,1.3648E+12,20.58793678,3389.834655,0,0
0_0_29_0000000000000000000d,0,136664.5352,61.86672984,6/1/2013,61.5919093,26,7.295799109,7.295799109,997.076994,997.076994,9,0.470359329,5/1/2013,1.37007E+12,1.36739E+12,7.295799109,997.076994,0,0
0_0_29_00000000000000000106,0,164651.4992,78.20041599,6/1/2013,72.6843409,30,28.5403291,28.5403291,4699.207974,4699.207974,10,0.315738606,5/1/2013,1.37007E+12,1.36739E+12,28.5403291,4699.207974,0,0
0_0_3_000000000000000000fa,0,164651.4992,31.38393314,4/1/2011,29.09831515,30,32.19580867,32.19580867,5301.088164,5301.088164,9,0.632340675,3/1/2011,1.30164E+12,1.29897E+12,32.19580867,5301.088164,0,0
0_0_30_0000000000000000000e,0,136664.5352,85.65605613,7/1/2013,84.52378253,26,10.11274205,10.11274205,1382.053191,1382.053191,9,0.704753442,6/1/2013,1.37266E+12,1.37007E+12,10.11274205,1382.053191,0,0
0_0_32_00000000000000000072,0,196514.873,83.33381341,9/1/2013,72.70163366,33,79.84684324,79.84684324,15691.09226,15691.09226,9,0.608217807,8/1/2013,1.37802E+12,1.37534E+12,79.84684324,15691.09226,0,0
0_0_33_00000000000000000095,0,271963.3675,54.04122623,10/1/2013,52.21217355,16,47.67088342,47.67088342,12964.73399,12964.73399,7,0.311056063,9/1/2013,1.38061E+12,1.37802E+12,47.67088342,12964.73399,0,0
0_0_33_00000000000000000150,0,519541.8246,32.84354439,10/1/2013,30.1000753,32,8.795848742,8.795848742,4569.811304,4569.811304,8,0.71195055,9/1/2013,1.38061E+12,1.37802E+12,8.795848742,4569.811304,0,0
0_0_39_0000000000000000003f,0,136664.5352,37.85663031,4/1/2014,37.26031951,26,0,0,0,0,12,0.660489052,3/1/2014,1.39634E+12,1.39366E+12,0,0,0,0
0_0_41_00000000000000000013,0,136664.5352,78.90600667,6/1/2014,60.62970884,26,4.42068921,4.42068921,604.151436,604.151436,12,0.578553335,5/1/2014,1.40161E+12,1.39893E+12,4.42068921,604.151436,0,0
0_0_41_00000000000000000120,0,156204.2239,75.06162579,6/1/2014,28.90162313,30,23.58425989,23.58425989,3683.961012,3683.961012,12,0.500160537,5/1/2014,1.40161E+12,1.39893E+12,23.58425989,3683.961012,0,0
0_0_42_000000000000000000d7,0,1049272.504,86.35184419,7/1/2014,80.74782059,1,38.13937492,38.13937492,40018.59744,40018.59744,25,0.796413004,6/1/2014,1.4042E+12,1.40161E+12,38.13937492,40018.59744,0,0
0_0_42_000000000000000000bd,0,1653200.141,65.19019031,7/1/2014,62.34194866,12,6.681268688,6.681268688,11045.47434,11045.47434,47,0.869106252,6/1/2014,1.4042E+12,1.40161E+12,6.681268688,11045.47434,0,0
0_0_42_00000000000000000086,0,276122.1952,73.1609695,7/1/2014,70.73916467,16,13.99835189,13.99835189,3865.255653,3865.255653,11,0.434694321,6/1/2014,1.4042E+12,1.40161E+12,13.99835189,3865.255653,0,0
0_0_42_00000000000000000121,0,156204.2239,78.72875764,7/1/2014,68.97356234,30,23.64969094,23.64969094,3694.181619,3694.181619,12,0.304490696,6/1/2014,1.4042E+12,1.40161E+12,23.64969094,3694.181619,0,0
0_0_43_000000000000000000be,0,1653200.141,102.0290089,8/1/2014,100.2744972,12,11.50888646,11.50888646,19026.49272,19026.49272,47,0.944152556,7/1/2014,1.40688E+12,1.4042E+12,11.50888646,19026.49272,0,0
0_0_43_00000000000000000014,0,136664.5352,92.92184725,8/1/2014,88.35380057,26,65.01681568,65.01681568,8885.492893,8885.492893,12,0.742501947,7/1/2014,1.40688E+12,1.4042E+12,65.01681568,8885.492893,0,0
0_0_44_00000000000000000015,0,136664.5352,62.42094521,9/1/2014,62.15954651,26,64.89217218,64.89217218,8868.458548,8868.458548,12,0.558849819,8/1/2014,1.40955E+12,1.40688E+12,64.89217218,8868.458548,0,0
0_0_44_00000000000000000122,0,156204.2239,85.1315136,9/1/2014,76.65768176,30,26.27662659,26.27662659,4104.520063,4104.520063,12,0.573624645,8/1/2014,1.40955E+12,1.40688E+12,26.27662659,4104.520063,0,0
0_0_44_00000000000000000145,0,469668.1047,54.42727024,9/1/2014,49.5349146,32,11.76667051,11.76667051,5526.429836,5526.429836,10,0.347617077,8/1/2014,1.40955E+12,1.40688E+12,11.76667051,5526.429836,0,0
0_0_45_000000000000000000d8,0,1049272.504,40.99817239,10/1/2014,24.90833846,1,10.77389179,10.77389179,11304.74842,11304.74842,25,0.889783796,9/1/2014,1.41215E+12,1.40955E+12,10.77389179,11304.74842,0,0
0_0_45_00000000000000000087,0,276122.1952,57.84545776,10/1/2014,57.44971872,16,68.99161963,68.99161963,19050.11746,19050.11746,11,0.526879829,9/1/2014,1.41215E+12,1.40955E+12,68.99161963,19050.11746,0,0
0_0_46_00000000000000000017,0,136664.5352,30.24774308,11/1/2014,29.18142231,26,13.48642592,13.48642592,1843.116129,1843.116129,12,0.369633822,10/1/2014,1.41483E+12,1.41215E+12,13.48642592,1843.116129,0,0
0_0_49_00000000000000000123,0,156204.2239,12.74893032,2/1/2015,12.14441797,30,26.61832209,26.61832209,4157.894344,4157.894344,12,0.95424221,1/1/2015,1.42278E+12,1.4201E+12,26.61832209,4157.894344,0,0
0_0_51_00000000000000000125,0,156204.2239,32.79045905,4/1/2015,32.3162178,30,28.5909472,28.5909472,4466.026718,4466.026718,12,0.439205958,3/1/2015,1.42787E+12,1.4252E+12,28.5909472,4466.026718,0,0
0_0_52_00000000000000000018,0,136664.5352,65.91499711,5/1/2015,63.74467921,26,6.254333481,6.254333481,854.745578,854.745578,12,0.792872652,4/1/2015,1.43046E+12,1.42787E+12,6.254333481,854.745578,0,0
0_0_52_00000000000000000126,0,156204.2239,63.43479474,5/1/2015,54.39175397,30,19.35062836,19.35062836,3022.649885,3022.649885,12,0.329947272,4/1/2015,1.43046E+12,1.42787E+12,19.35062836,3022.649885,0,0
0_0_53_00000000000000000192,0,300881.6084,78.01288939,6/1/2015,55.88022111,6,42.06602444,42.06602444,12656.89309,12656.89309,21,0.831577348,5/1/2015,1.43314E+12,1.43046E+12,42.06602444,12656.89309,0,0
0_0_53_00000000000000000099,0,1034545.642,65.46628506,6/1/2015,53.013232,15,38.79264845,38.79264845,40132.7654,40132.7654,16,0.960656406,5/1/2015,1.43314E+12,1.43046E+12,38.79264845,40132.7654,0,0
0_0_54_000000000000000000d9,0,1049272.504,85.90873287,7/1/2015,75.11939922,1,37.52138414,37.52138414,39370.15671,39370.15671,26,0.952243416,6/1/2015,1.43573E+12,1.43314E+12,37.52138414,39370.15671,0,0
0_0_54_0000000000000000009a,0,1034545.642,87.21290749,7/1/2015,73.95426456,15,120.7310114,120.7310114,124901.7417,124901.7417,16,0.675606536,6/1/2015,1.43573E+12,1.43314E+12,120.7310114,124901.7417,0,0
0_0_55_000000000000000000da,0,1049272.504,91.2065313,8/1/2015,88.67247059,1,40.71595995,40.71595995,42722.13726,42722.13726,26,0.549587405,7/1/2015,1.43841E+12,1.43573E+12,40.71595995,42722.13726,0,0
0_0_55_00000000000000000088,0,276122.1952,120.4713049,8/1/2015,117.3408003,16,134.7727129,134.7727129,37213.73733,37213.73733,11,0.432533735,7/1/2015,1.43841E+12,1.43573E+12,134.7727129,37213.73733,0,0
0_0_55_00000000000000000128,0,156204.2239,104.6828359,8/1/2015,67.7612967,30,28.59337057,28.59337057,4466.405259,4466.405259,12,0.476246569,7/1/2015,1.43841E+12,1.43573E+12,28.59337057,4466.405259,0,0
0_0_57_00000000000000000129,0,156204.2239,46.66233392,10/1/2015,29.35223236,30,2.188305249,2.188305249,341.822523,341.822523,12,0.334312012,9/1/2015,1.44368E+12,1.44109E+12,2.188305249,341.822523,0,0
0_0_58_0000000000000000012a,0,156204.2239,26.50128877,11/1/2015,13.29366935,30,2.212538972,2.212538972,345.607933,345.607933,12,0.551639355,10/1/2015,1.44636E+12,1.44368E+12,2.212538972,345.607933,0,0
0_0_6_00000000000000000004,0,136664.5352,66.69747259,7/1/2011,62.14122649,26,31.8616466,31.8616466,4354.357123,4354.357123,7,0.411542369,6/1/2011,1.3095E+12,1.30691E+12,31.8616466,4354.357123,0,0
0_0_61_0000000000000000019c,0,198451.8649,13.94950929,2/1/2016,13.64242478,33,0.00572241,0.00572241,1.135623,1.135623,6,0.366114929,1/1/2016,1.45431E+12,1.45164E+12,0.00572241,1.135623,0,0
0_0_62_00000000000000000041,0,136664.5352,24.8162466,3/1/2016,24.6623293,26,0,0,0,0,10,0.699434062,2/1/2016,1.45682E+12,1.45431E+12,0,0,0,0
0_0_62_0000000000000000019d,0,198451.8649,25.45747347,3/1/2016,23.45037168,33,4.193954524,4.193954524,832.2980967,832.2980967,6,0.608702678,2/1/2016,1.45682E+12,1.45431E+12,4.193954524,832.2980967,0,0
0_0_63_00000000000000000042,0,136664.5352,38.72749684,4/1/2016,35.44942025,26,0,0,0,0,10,0.547834706,3/1/2016,1.45949E+12,1.45682E+12,0,0,0,0
0_0_64_00000000000000000043,0,136664.5352,60.27229733,5/1/2016,59.51272868,26,0,0,0,0,10,0.807847077,4/1/2016,1.46209E+12,1.45949E+12,0,0,0,0
0_0_64_0000000000000000012c,0,156204.2239,68.15430321,5/1/2016,59.13097433,30,1.674550307,1.674550307,261.571831,261.571831,11,0.844783947,4/1/2016,1.46209E+12,1.45949E+12,1.674550307,261.571831,0,0
0_0_65_0000000000000000012d,0,156204.2239,84.94274116,6/1/2016,52.73101138,30,32.58708824,32.58708824,5090.240827,5090.240827,11,0.897455528,5/1/2016,1.46476E+12,1.46209E+12,32.58708824,5090.240827,0,0
0_0_65_0000000000000000019e,0,198451.8649,88.87130899,6/1/2016,88.24810619,33,32.04854974,32.04854974,6360.094466,6360.094466,6,0.44980762,5/1/2016,1.46476E+12,1.46209E+12,32.04854974,6360.094466,0,0
0_0_68_000000000000000000db,0,1049257.09,54.42455672,9/1/2016,49.44211759,1,30.45155519,30.45155519,31951.51019,31951.51019,25,0.415190426,8/1/2016,1.47271E+12,1.47003E+12,30.45155519,31951.51019,0,0
0_0_68_0000000000000000012e,0,156204.2239,74.25736993,9/1/2016,42.90881705,30,30.83256664,30.83256664,4816.177143,4816.177143,11,0.908410987,8/1/2016,1.47271E+12,1.47003E+12,30.83256664,4816.177143,0,0
0_0_69_000000000000000000dc,0,1049257.09,33.14189145,10/1/2016,32.16971057,1,7.710387025,7.710387025,8090.178252,8090.178252,25,0.388237301,9/1/2016,1.47531E+12,1.47271E+12,7.710387025,8090.178252,0,0
0_0_69_0000000000000000008c,0,276122.1952,48.73347095,10/1/2016,46.96138266,16,70.06473343,70.06473343,19346.428,19346.428,6,0.497352709,9/1/2016,1.47531E+12,1.47271E+12,70.06473343,19346.428,0,0
0_0_69_0000000000000000001c,0,136664.5352,34.70345548,10/1/2016,33.86830714,26,29.50172981,29.50172981,4031.840191,4031.840191,10,0.993510136,9/1/2016,1.47531E+12,1.47271E+12,29.50172981,4031.840191,0,0
0_0_71_0000000000000000012f,0,156204.2239,15.96038518,12/1/2016,12.13297514,30,1.437059814,1.437059814,224.474813,224.474813,11,0.692417323,11/1/2016,1.48058E+12,1.47798E+12,1.437059814,224.474813,0,0
0_0_73_000000000000000001a7,0,198451.8649,10.25272536,2/1/2017,9.447044248,33,0,0,0,0,6,0.829457581,1/1/2017,1.48594E+12,1.48326E+12,0,0,0,0
0_0_74_00000000000000000046,0,136664.5352,7.359130892,3/1/2017,4.835686679,26,0,0,0,0,10,0.653806553,2/1/2017,1.48836E+12,1.48594E+12,0,0,0,0
0_0_75_00000000000000000047,0,136664.5352,24.55099499,4/1/2017,17.28379284,26,0,0,0,0,10,0.711362386,3/1/2017,1.49103E+12,1.48836E+12,0,0,0,0
0_0_76_00000000000000000048,0,136664.5352,61.14783248,5/1/2017,49.87655243,26,0,0,0,0,10,0.638860543,4/1/2017,1.49362E+12,1.49103E+12,0,0,0,0
0_0_77_000000000000000000dd,0,1049257.09,85.40889996,6/1/2017,76.20272134,1,13.6190862,13.6190862,14289.92275,14289.92275,25,0.689345067,5/1/2017,1.4963E+12,1.49362E+12,13.6190862,14289.92275,0,0
0_0_77_000000000000000000a4,0,1017574.306,86.58407438,6/1/2017,82.06087005,15,4.750593743,4.750593743,4834.082132,4834.082132,6,0.635433559,5/1/2017,1.4963E+12,1.49362E+12,4.750593743,4834.082132,0,0
0_0_77_0000000000000000015a,0,1598321.281,93.35801053,6/1/2017,88.88987913,17,5.479451897,5.479451897,8757.924576,8757.924576,16,0.370354497,5/1/2017,1.4963E+12,1.49362E+12,5.479451897,8757.924576,0,0
0_0_77_00000000000000000131,0,156204.2239,95.14843837,6/1/2017,93.39132683,30,4.415384455,4.415384455,689.701702,689.701702,11,0.770515834,5/1/2017,1.4963E+12,1.49362E+12,4.415384455,689.701702,0,0
0_0_77_000000000000000000ca,0,448751.4233,101.1215436,6/1/2017,97.68646929,37,7.690155924,7.690155924,3450.968416,3450.968416,1,0.973959757,5/1/2017,1.4963E+12,1.49362E+12,7.690155924,3450.968416,0,0
0_0_78_000000000000000000de,0,1049257.09,77.97284578,7/1/2017,77.66279618,1,53.62961643,53.62961643,56271.25527,56271.25527,25,0.526334108,6/1/2017,1.49889E+12,1.4963E+12,53.62961643,56271.25527,0,0
0_0_78_000000000000000000a5,0,1017574.306,82.03675229,7/1/2017,78.68153163,15,32.21485338,32.21485338,32781.00708,32781.00708,6,0.529660058,6/1/2017,1.49889E+12,1.4963E+12,32.21485338,32781.00708,0,0
0_0_78_000000000000000001a0,0,198451.8649,78.20043064,7/1/2017,58.95336283,33,90.41425473,90.41425473,17942.87747,17942.87747,6,0.449428555,6/1/2017,1.49889E+12,1.4963E+12,90.41425473,17942.87747,0,0
0_0_79_000000000000000000ce,0,363674.175,95.60279443,8/1/2017,88.0381715,14,30.88258304,30.88258304,11231.19791,11231.19791,34,0.512373484,7/1/2017,1.50157E+12,1.49889E+12,30.88258304,11231.19791,0,0
0_0_79_00000000000000000132,0,156204.2239,98.61230033,8/1/2017,96.93471517,30,61.18530556,61.18530556,9557.403168,9557.403168,11,0.661056431,7/1/2017,1.50157E+12,1.49889E+12,61.18530556,9557.403168,0,0
0_0_79_000000000000000000ef,0,1745256.574,87.19512815,8/1/2017,82.53619479,31,48.09822191,48.09822191,83943.738,83943.738,9,0.490240147,7/1/2017,1.50157E+12,1.49889E+12,48.09822191,83943.738,0,0
0_0_8_00000000000000000005,0,136664.5352,71.6146004,9/1/2011,61.90265396,26,68.59269899,68.59269899,9374.189324,9374.189324,7,0.517893314,8/1/2011,1.31486E+12,1.31218E+12,68.59269899,9374.189324,0,0
0_0_8_0000000000000000006a,0,196514.873,78.39161794,9/1/2011,77.62999571,33,68.7218548,68.7218548,13504.86657,13504.86657,7,0.360448265,8/1/2011,1.31486E+12,1.31218E+12,68.7218548,13504.86657,0,0
0_0_80_000000000000000001a1,0,198451.8649,83.84102411,9/1/2017,60.23223168,33,72.52449317,72.52449317,14392.62092,14392.62092,6,0.663510193,8/1/2017,1.50425E+12,1.50157E+12,72.52449317,14392.62092,0,0
0_0_81_000000000000000001a2,0,198451.8649,44.30896346,10/1/2017,41.83428319,33,9.01050729,9.01050729,1788.151976,1788.151976,6,0.747117982,9/1/2017,1.50684E+12,1.50425E+12,9.01050729,1788.151976,0,0
0_0_81_000000000000000000cb,0,448751.4233,47.44053691,10/1/2017,40.38865243,37,38.12202182,38.12202182,17107.31155,17107.31155,1,0.575347841,9/1/2017,1.50684E+12,1.50425E+12,38.12202182,17107.31155,0,0
0_0_84_00000000000000000049,0,136664.5352,7.128863048,1/1/2018,6.433702654,26,0,0,0,0,10,0.396335331,12/1/2017,1.51479E+12,1.51212E+12,0,0,0,0
0_0_85_00000000000000000136,0,156204.2239,13.34027456,2/1/2018,8.848860213,30,23.15047623,23.15047623,3616.202173,3616.202173,11,0.421238047,1/1/2018,1.51747E+12,1.51479E+12,23.15047623,3616.202173,0,0
0_0_85_000000000000000001a8,0,198451.8649,10.15821403,2/1/2018,7.320690265,33,0,0,0,0,6,0.625395393,1/1/2018,1.51747E+12,1.51479E+12,0,0,0,0
0_0_86_00000000000000000137,0,156204.2239,16.61990209,3/1/2018,14.32925678,30,20.74891422,20.74891422,3241.068042,3241.068042,11,0.318237353,2/1/2018,1.51989E+12,1.51747E+12,20.74891422,3241.068042,0,0
0_0_88_00000000000000000139,0,156204.2239,63.1776453,5/1/2018,55.92776854,30,22.11327286,22.11327286,3454.186625,3454.186625,11,0.504363761,4/1/2018,1.52516E+12,1.52257E+12,22.11327286,3454.186625,0,0
0_0_89_000000000000000000df,0,1049257.09,84.38519879,6/1/2018,64.44688869,1,42.86386048,42.86386048,44975.20951,44975.20951,25,0.740127318,5/1/2018,1.52784E+12,1.52516E+12,42.86386048,44975.20951,0,0
0_0_89_0000000000000000016f,0,447248.556,83.96110505,6/1/2018,76.73996992,9,76.87178996,76.87178996,34380.79705,34380.79705,4,0.381889295,5/1/2018,1.52784E+12,1.52516E+12,76.87178996,34380.79705,0,0
0_0_89_000000000000000000a8,0,1017574.306,86.22596973,6/1/2018,71.72371204,15,27.43007254,27.43007254,27912.13703,27912.13703,6,0.391288332,5/1/2018,1.52784E+12,1.52516E+12,27.43007254,27912.13703,0,0
0_0_89_0000000000000000015d,0,1598321.281,96.19981761,6/1/2018,84.28786198,17,34.20441744,34.20441744,54669.6483,54669.6483,16,0.341142311,5/1/2018,1.52784E+12,1.52516E+12,34.20441744,54669.6483,0,0
0_0_89_0000000000000000013a,0,156204.2239,95.78413766,6/1/2018,87.98585945,30,4.342683284,4.342683284,678.345472,678.345472,11,0.835646943,5/1/2018,1.52784E+12,1.52516E+12,4.342683284,678.345472,0,0
0_0_89_000000000000000001a3,0,198451.8649,94.78908655,6/1/2018,74.42355752,33,26.22771397,26.22771397,5204.93875,5204.93875,6,0.316568159,5/1/2018,1.52784E+12,1.52516E+12,26.22771397,5204.93875,0,0
0_0_9_000000000000000000fc,0,164651.4992,51.22801655,10/1/2011,47.77757373,30,28.73344878,28.73344878,4731.005418,4731.005418,9,0.46626584,9/1/2011,1.31745E+12,1.31486E+12,28.73344878,4731.005418,0,0
0_0_90_000000000000000000c3,0,1653213.936,74.7787451,7/1/2018,69.36839671,12,4.539156501,4.539156501,7504.196784,7504.196784,31,0.709495818,6/1/2018,1.53043E+12,1.52784E+12,4.539156501,7504.196784,0,0
0_0_90_00000000000000000002,0,1432134.444,79.53566741,7/1/2018,57.07521573,43,11.3237099,11.3237099,16217.07498,16217.07498,31,0.650764058,6/1/2018,1.53043E+12,1.52784E+12,11.3237099,16217.07498,0,0
0_0_91_000000000000000001a4,0,198451.8649,109.0093577,8/1/2018,86.90461947,33,109.207623,109.207623,21672.45646,21672.45646,6,0.868139582,7/1/2018,1.53311E+12,1.53043E+12,109.207623,21672.45646,0,0
0_0_92_000000000000000000cf,0,363674.175,84.52961828,9/1/2018,74.90574077,14,21.92008995,21.92008995,7971.770627,7971.770627,34,0.492071755,8/1/2018,1.53579E+12,1.53311E+12,21.92008995,7971.770627,0,0
0_0_95_000000000000000001ab,0,198451.8649,11.67446286,12/1/2018,9.771132743,33,0,0,0,0,6,0.656607808,11/1/2018,1.54365E+12,1.54106E+12,0,0,0,0
0_0_96_0000000000000000013f,0,156204.2239,15.89818722,1/1/2019,13.60703206,30,0.402279813,0.402279813,62.837806,62.837806,11,0.619689726,12/1/2018,1.54633E+12,1.54365E+12,0.402279813,62.837806,0,0
0_0_96_000000000000000001ac,0,198451.8649,14.07083804,1/1/2019,12.26831858,33,0,0,0,0,6,0.927836122,12/1/2018,1.54633E+12,1.54365E+12,0,0,0,0
0_0_97_000000000000000001ad,0,198451.8649,11.8618336,2/1/2019,10.0899115,33,0,0,0,0,4,0.671981435,1/1/2019,1.54901E+12,1.54633E+12,0,0,0,0
0_0_98_0000000000000000004c,0,136664.5352,14.60158489,3/1/2019,14.52383406,26,0,0,0,0,12,0.51761211,2/1/2019,1.55143E+12,1.54901E+12,0,0,0,0
0_0_98_0000000000000000010d,0,154262.6181,13.53515387,3/1/2019,12.77741076,30,0.154594051,0.154594051,23.848083,23.848083,11,0.576527268,2/1/2019,1.55143E+12,1.54901E+12,0.154594051,23.848083,0,0
0_0_98_00000000000000000063,0,197246.0648,15.65950413,3/1/2019,15.11030761,33,0,0,0,0,4,0.515041746,2/1/2019,1.55143E+12,1.54901E+12,0,0,0,0
0_0_99_00000000000000000064,0,197246.0648,37.82393158,4/1/2019,36.40811855,33,0,0,0,0,4,0.837393913,3/1/2019,1.5541E+12,1.55143E+12,0,0,0,0
0_1_145_000000000000000000f4,0,223658.3519,6.356981681,2/1/2023,4.374962535,39,0,0,0,0,7,0.655248801,1/1/2023,1.67524E+12,1.67256E+12,0,0,0,0
0_1_146_000000000000000000f5,0,223658.3519,9.888071819,3/1/2023,9.775953181,39,0,0,0,0,7,0.52481313,2/1/2023,1.67766E+12,1.67524E+12,0,0,0,0
0_1_155_000000000000000000f8,0,223658.3519,15.14922216,12/1/2023,11.70146546,39,0,0,0,0,7,0.730767083,11/1/2023,1.70142E+12,1.69882E+12,0,0,0,0
1_0_10_00000000000000000007,0.146776452,136664.5352,21.37775331,11/1/2011,21.52452976,26,5.470637251,5.470637251,747.6420971,747.6420971,7,0.663917308,10/1/2011,1.32013E+12,1.31745E+12,5.944109677,812.348986,0.473472425,64.70688894
1_0_100_0000000000000000005f,1.718469532,197246.0648,43.04114431,5/1/2019,44.75961384,33,-1.7435711,1.7435711,-343.9125383,343.9125383,4,0.799635689,4/1/2019,1.55669E+12,1.5541E+12,3.799879002,749.51118,5.543450102,1093.423718
1_0_102_000000000000000000b9,4.686484425,1099686.876,88.56802246,7/1/2019,93.25450689,2,-15.11769169,15.11769169,-16624.72714,16624.72714,15,0.464381301,6/1/2019,1.56196E+12,1.55937E+12,0,0,15.11769169,16624.72714
1_0_102_00000000000000000028,21.4989101,136664.5352,79.978673,7/1/2019,101.4775831,26,9.725278753,9.725278753,1329.1007,1329.1007,12,0.828002102,6/1/2019,1.56196E+12,1.55937E+12,79.07660166,10806.96701,69.35132291,9477.866309
1_0_103_00000000000000000142,13.12014561,1170927.364,80.14643969,8/1/2019,93.2665853,3,63.5392968,63.5392968,74399.90132,74399.90132,18,0.493894705,7/1/2019,1.56464E+12,1.56196E+12,105.8623472,123957.1191,42.32305037,49557.21782
1_0_103_00000000000000000172,5.821942232,447255.1226,80.5110982,8/1/2019,86.33304043,9,65.8609318,65.8609318,29456.63913,29456.63913,6,0.75955099,7/1/2019,1.56464E+12,1.56196E+12,84.64139061,37856.29554,18.78045881,8399.65641
1_0_103_000000000000000001ae,8.529492841,278180.2348,72.55127526,8/1/2019,81.0807681,10,16.82654367,16.82654367,4680.811868,4680.811868,31,0.679163525,7/1/2019,1.56464E+12,1.56196E+12,44.3410367,12334.8,27.51449304,7653.988132
1_0_103_000000000000000000c8,2.535312227,1637586.328,82.14711962,8/1/2019,84.68243185,12,12.17518284,12.17518284,19937.91297,19937.91297,16,0.392640022,7/1/2019,1.56464E+12,1.56196E+12,20.35360938,33330.79246,8.178426538,13392.87949
1_0_103_000000000000000000ac,15.37199009,1008513.294,74.00958941,8/1/2019,89.3815795,15,70.3825124,70.3825124,70981.69943,70981.69943,9,0.852852521,7/1/2019,1.56464E+12,1.56196E+12,119.9695772,120990.9135,49.58706481,50009.21408
1_0_103_00000000000000000110,20.062268,154262.6181,74.4905716,8/1/2019,94.5528396,30,-28.30641381,28.30641381,-4366.621504,4366.621504,11,0.997750593,7/1/2019,1.56464E+12,1.56196E+12,36.41057974,5616.791358,64.71699355,9983.412862
1_0_103_000000000000000000ea,15.91508453,1699074.253,72.6938763,8/1/2019,88.60896084,31,17.89980232,17.89980232,30413.09325,30413.09325,15,0.921196107,7/1/2019,1.56464E+12,1.56196E+12,69.23878469,117641.8364,51.33898237,87228.74311
1_0_104_000000000000000000e1,24.33692026,1021784.589,54.17960185,9/1/2019,78.51652212,1,-60.86957799,60.86957799,-62195.59671,62195.59671,32,0.412467669,8/1/2019,1.56732E+12,1.56464E+12,17.63661641,18020.82285,78.5061944,80216.41955
1_0_104_000000000000000000ba,3.531105561,1099686.876,77.11988529,9/1/2019,80.65099086,2,-11.3906631,11.3906631,-12526.16272,12526.16272,15,0.523861739,8/1/2019,1.56732E+12,1.56464E+12,0,0,11.3906631,12526.16272
1_0_104_000000000000000001b4,17.05821295,458936.3952,47.74967748,9/1/2019,64.80789043,7,-45.71094967,45.71094967,-20978.41846,20978.41846,12,0.519192416,8/1/2019,1.56732E+12,1.56464E+12,9.31554372,4275.242054,55.02649339,25253.66051
1_0_104_00000000000000000173,6.359173267,447255.1226,62.01818283,9/1/2019,68.3773561,9,58.50053343,58.50053343,26164.66325,26164.66325,6,0.805062425,8/1/2019,1.56732E+12,1.56464E+12,79.01399558,35339.41428,20.51346215,9174.75103
1_0_104_0000000000000000008f,7.504213297,276128.7506,78.99660574,9/1/2019,86.50081904,16,63.68624769,63.68624769,17585.604,17585.604,3,0.84443227,8/1/2019,1.56732E+12,1.56464E+12,87.89338736,24269.89124,24.20713967,6684.287232
1_0_104_00000000000000000029,14.80395889,136664.5352,59.39495892,9/1/2019,74.1989178,26,46.67797388,46.67797388,6379.223603,6379.223603,12,0.713806196,8/1/2019,1.56732E+12,1.56464E+12,94.43267997,12905.59831,47.75470609,6526.37471
1_0_104_00000000000000000111,12.15936707,154262.6181,67.34909746,9/1/2019,79.50846454,30,19.09009271,19.09009271,2944.887681,2944.887681,11,0.344020884,8/1/2019,1.56732E+12,1.56464E+12,58.31385746,8995.648324,39.22376475,6050.760643
1_0_105_000000000000000001af,9.935294857,278180.2348,38.70410864,10/1/2019,48.6394035,10,-14.31292357,14.31292357,-3981.572438,3981.572438,31,0.41672526,9/1/2019,1.56991E+12,1.56732E+12,17.73641468,4933.92,32.04933825,8915.492438
1_0_105_000000000000000000ad,9.367505699,1008513.294,35.18930678,10/1/2019,44.55681248,15,-6.353288804,6.353288804,-6407.376221,6407.376221,9,0.90263,9/1/2019,1.56991E+12,1.56732E+12,23.86447151,24067.63678,30.21776032,30475.013
1_0_105_00000000000000000112,10.98063001,154262.6181,39.70431429,10/1/2019,50.6849443,30,-33.5392659,33.5392659,-5173.854967,5173.854967,11,0.899647311,9/1/2019,1.56991E+12,1.56732E+12,1.88212122,290.340947,35.42138712,5464.195914
1_0_105_000000000000000000eb,9.242851607,1699074.253,33.7650257,10/1/2019,43.00787731,31,-5.944102377,5.944102377,-10099.4713,10099.4713,15,0.831563217,9/1/2019,1.56991E+12,1.56732E+12,23.87154797,40559.53253,29.81565034,50659.00383
1_0_106_00000000000000000113,4.429361611,154262.6181,25.63091586,11/1/2019,30.06027747,30,-3.478949085,3.478949085,-536.6717941,536.6717941,11,0.442027808,10/1/2019,1.57259E+12,1.56991E+12,10.80931418,1667.473105,14.28826326,2204.144899
1_0_106_000000000000000000ec,4.122471811,1699074.253,24.90258986,11/1/2019,29.02506167,31,-4.00183353,4.00183353,-6799.412314,6799.412314,15,0.553995053,10/1/2019,1.57259E+12,1.56991E+12,9.296462636,15795.38031,13.29829617,22594.79262
1_0_107_00000000000000000114,3.481963537,154262.6181,12.57343888,12/1/2019,16.05540242,30,-10.62848748,10.62848748,-1639.578306,1639.578306,11,0.827430693,11/1/2019,1.57519E+12,1.57259E+12,0.60365296,93.121086,11.23214044,1732.699392
1_0_108_00000000000000000115,2.958408541,154262.6181,5.640197286,1/1/2020,8.598605827,30,-8.770283104,8.770283104,-1352.926833,1352.926833,11,0.474415099,12/1/2019,1.57787E+12,1.57519E+12,0.772970253,119.240415,9.543253358,1472.167248
1_0_109_00000000000000000116,3.31694413,154262.6181,7.335879525,2/1/2020,10.65282366,30,-8.196868478,8.196868478,-1264.470392,1264.470392,11,0.587720578,1/1/2020,1.58054E+12,1.57787E+12,2.502951296,386.11182,10.69981977,1650.582212
1_0_109_00000000000000000065,1.386408717,197246.0648,8.852855305,2/1/2020,10.23926402,33,-4.472286184,4.472286184,-882.1408507,882.1408507,4,0.856512504,1/1/2020,1.58054E+12,1.57787E+12,0,0,4.472286184,882.1408507
1_0_110_00000000000000000117,3.98823759,154262.6181,16.78746462,3/1/2020,20.77570221,30,-11.69723861,11.69723861,-1804.446653,1804.446653,11,0.581587856,2/1/2020,1.58305E+12,1.58054E+12,1.168043938,180.185516,12.86528255,1984.632169
1_0_110_00000000000000000066,0.213233356,197246.0648,16.3817117,3/1/2020,16.59494505,33,-0.687849535,0.687849535,-135.675614,135.675614,4,0.9514564,2/1/2020,1.58305E+12,1.58054E+12,0,0,0.687849535,135.675614
1_0_111_0000000000000000002b,1.393717474,136664.5352,32.36734926,4/1/2020,33.76106674,26,14.8958948,14.8958948,2035.740539,2035.740539,12,0.526916845,3/1/2020,1.58572E+12,1.58305E+12,19.39175762,2650.165541,4.495862819,614.4250024
1_0_113_000000000000000000b4,7.092764966,1099686.876,81.84922563,6/1/2020,88.9419906,2,-11.66323953,11.66323953,-12825.91143,12825.91143,15,0.93313435,5/1/2020,1.59099E+12,1.58832E+12,11.21664746,12334.8,22.87988699,25160.71143
1_0_114_00000000000000000161,8.290616881,1601297.922,74.43339933,7/1/2020,82.72401622,17,-13.75465463,13.75465463,-22025.29988,22025.29988,20,0.71073788,6/1/2020,1.59359E+12,1.59099E+12,12.98927079,20799.69233,26.74392542,42824.99221
1_0_114_0000000000000000002d,0.686777341,136664.5352,65.84821364,7/1/2020,66.53499098,26,60.27806664,60.27806664,8237.873958,8237.873958,12,0.577939286,6/1/2020,1.59359E+12,1.59099E+12,62.49347741,8540.642042,2.215410778,302.7680842
1_0_114_0000000000000000011a,13.6932216,154262.6181,71.51809125,7/1/2020,85.21131285,30,-43.43306655,43.43306655,-6700.098559,6700.098559,11,0.892902923,6/1/2020,1.59359E+12,1.59099E+12,0.73861602,113.940841,44.17168257,6814.0394
1_0_114_00000000000000000061,12.27513326,197246.0648,68.64190003,7/1/2020,80.91703329,33,49.45065737,49.45065737,9753.947571,9753.947571,4,0.778509822,6/1/2020,1.59359E+12,1.59099E+12,89.04786145,17564.34025,39.59720408,7810.392683
1_0_115_00000000000000000143,2.109517253,1170927.364,87.67883792,8/1/2020,89.78835517,3,81.76989355,81.76989355,95746.60593,95746.60593,18,0.632811354,7/1/2020,1.59627E+12,1.59359E+12,88.57478791,103714.6429,6.804894364,7968.037021
1_0_115_0000000000000000018e,1.937435526,300941.6978,91.91051453,8/1/2020,93.84795006,6,64.47737847,64.47737847,19403.93174,19403.93174,10,0.506886439,7/1/2020,1.59627E+12,1.59359E+12,70.72717049,21284.75476,6.249792018,1880.823021
1_0_115_000000000000000000c9,8.086444243,1637586.328,86.00185974,8/1/2020,94.08830399,12,-13.30745064,13.30745064,-21792.09923,21792.09923,16,0.320173973,7/1/2020,1.59627E+12,1.59359E+12,12.77785337,20924.83798,26.08530401,42716.93721
1_0_115_0000000000000000002e,3.675918591,136664.5352,82.67236793,8/1/2020,86.34828652,26,90.06456705,90.06456705,12308.63219,12308.63219,12,0.507593052,7/1/2020,1.59627E+12,1.59359E+12,101.922369,13929.17318,11.85780191,1620.540986
1_0_116_00000000000000000144,9.910833437,1170927.364,72.78373595,9/1/2020,82.69456939,3,29.4378364,29.4378364,34469.56818,34469.56818,18,0.589269682,8/1/2020,1.59894E+12,1.59627E+12,61.40826684,71904.62003,31.97043044,37435.05185
1_0_116_00000000000000000081,4.317570292,326142.9902,73.9755497,9/1/2020,78.29311999,8,13.38802547,13.38802547,4366.410658,4366.410658,8,0.536308926,8/1/2020,1.59894E+12,1.59627E+12,27.31567157,8908.814804,13.9276461,4542.404146
1_0_116_00000000000000000162,11.19008204,1601297.922,80.43020602,9/1/2020,91.62028806,17,-24.88712345,24.88712345,-39851.69908,39851.69908,20,0.33133852,8/1/2020,1.59894E+12,1.59627E+12,11.20991539,17950.41422,36.09703884,57802.1133
1_0_116_00000000000000000000,2.010121172,295239.6476,81.84535154,9/1/2020,83.85547271,19,8.471997591,8.471997591,2501.269583,2501.269583,20,0.591547673,8/1/2020,1.59894E+12,1.59627E+12,14.95625944,4415.680765,6.484261844,1914.411182
1_0_117_000000000000000000e2,6.721941463,1021784.589,38.98715297,10/1/2020,45.70909443,1,21.83282134,21.83282134,22308.44037,22308.44037,32,0.958221912,9/1/2020,1.60154E+12,1.59894E+12,43.51650348,44464.49261,21.68368214,22156.05224
1_0_117_000000000000000000b5,8.637285458,1099686.876,46.12891633,10/1/2020,54.76620179,2,-7.672245727,7.672245727,-8437.067932,8437.067932,15,0.707216218,9/1/2020,1.60154E+12,1.59894E+12,20.18996543,22202.64,27.86221116,30639.70793
1_0_117_000000000000000001b0,5.811794984,278180.2348,47.01161576,10/1/2020,52.82341075,10,16.72510361,16.72510361,4652.593248,4652.593248,31,0.588356427,9/1/2020,1.60154E+12,1.59894E+12,35.47282936,9867.84,18.74772575,5215.246752
1_0_117_000000000000000000af,11.46297768,1008513.294,34.83476409,10/1/2020,46.29774176,15,0.847858775,0.847858775,855.076846,855.076846,9,0.734165125,9/1/2020,1.60154E+12,1.59894E+12,37.82520612,38147.22322,36.97734734,37292.14638
1_0_117_00000000000000000090,1.815436254,276128.7506,54.11107897,10/1/2020,55.92651522,16,24.461923,24.461923,6754.640235,6754.640235,3,0.489086881,9/1/2020,1.60154E+12,1.59894E+12,30.31816898,8371.718121,5.856245979,1617.077885
1_0_117_00000000000000000187,2.543529854,271207.8642,40.33220441,10/1/2020,42.87573426,18,4.566531195,4.566531195,1238.479172,1238.479172,10,0.943260353,9/1/2020,1.60154E+12,1.59894E+12,12.77146621,3463.722073,8.204935012,2225.242901
1_0_117_0000000000000000011b,3.166439051,154262.6181,47.53464778,10/1/2020,50.70108683,30,-9.451164761,9.451164761,-1457.96142,1457.96142,11,0.41585762,9/1/2020,1.60154E+12,1.59894E+12,0.763154758,117.726251,10.21431952,1575.687671
1_0_117_00000000000000000062,9.408893886,197246.0648,41.07123721,10/1/2020,50.48013109,33,-19.87262447,19.87262447,-3919.796975,3919.796975,4,0.814494586,9/1/2020,1.60154E+12,1.59894E+12,10.47864613,2066.871714,30.3512706,5986.668689
1_0_118_0000000000000000002f,4.685802854,136664.5352,21.54862126,11/1/2020,26.23442412,26,11.43911059,11.43911059,1563.320732,1563.320732,12,0.642071218,10/1/2020,1.60421E+12,1.60154E+12,26.55460367,3629.072567,15.11549308,2065.751835
1_0_118_00000000000000000068,3.556129144,197246.0648,18.85845504,11/1/2020,22.41458419,33,-11.47138434,11.47138434,-2262.685419,2262.685419,4,0.739480077,10/1/2020,1.60421E+12,1.60154E+12,0,0,11.47138434,2262.685419
1_0_119_00000000000000000030,2.260162372,136664.5352,15.95576136,12/1/2020,18.21592373,26,3.118270211,3.118270211,426.1569489,426.1569489,12,0.477925803,11/1/2020,1.60681E+12,1.60421E+12,10.40911657,1422.557078,7.290846362,996.4001291
1_0_119_0000000000000000011c,1.376128638,154262.6181,16.77973623,12/1/2020,18.15586487,30,-3.199918358,3.199918358,-493.6277837,493.6277837,11,0.418806872,11/1/2020,1.60681E+12,1.60421E+12,1.239206279,191.163205,4.439124637,684.7909887
1_0_125_000000000000000000e3,0.239292151,1021784.589,72.34232864,6/1/2021,72.58162079,1,52.50190812,52.50190812,53645.64059,53645.64059,32,0.614055148,5/1/2021,1.62253E+12,1.61985E+12,53.27381828,54434.3665,0.771910163,788.7259084
1_0_125_000000000000000000b6,5.186965639,1099686.876,76.70159245,6/1/2021,81.88855809,2,-5.515499761,5.515499761,-6065.322699,6065.322699,15,0.907393894,5/1/2021,1.62253E+12,1.61985E+12,11.21664746,12334.8,16.73214722,18400.1227
1_0_126_00000000000000000190,3.289241887,300941.6978,105.5460941,7/1/2021,108.8353359,6,71.61287797,71.61287797,21551.30108,21551.30108,10,0.579146716,6/1/2021,1.62512E+12,1.62253E+12,82.22333567,24744.43023,10.6104577,3193.129154
1_0_126_000000000000000001b5,4.107014638,458936.3952,95.3993688,7/1/2021,99.50638344,7,-4.396440763,4.396440763,-2017.686675,2017.686675,12,0.622974476,6/1/2021,1.62512E+12,1.62253E+12,8.851993554,4062.502012,13.24843432,6080.188687
1_0_126_00000000000000000163,8.89583967,1597571.22,106.6062253,7/1/2021,115.5020649,17,32.8170528,32.8170528,52427.57908,52427.57908,20,0.509436891,6/1/2021,1.62512E+12,1.62253E+12,61.51330979,98271.89339,28.696257,45844.31431
1_0_126_0000000000000000005d,17.39004163,144160.5589,97.56686882,7/1/2021,114.9569104,27,12.35331124,12.35331124,1780.860252,1780.860252,12,0.484582937,6/1/2021,1.62512E+12,1.62253E+12,68.45021971,9867.82193,56.09690848,8086.961678
1_0_127_000000000000000000e4,26.66796386,1021784.589,65.84003764,8/1/2021,92.5080015,1,-1.939555592,1.939555592,-1981.808013,1981.808013,32,0.538869606,7/1/2021,1.6278E+12,1.62512E+12,84.08613427,85917.91612,86.02568986,87899.72413
1_0_127_000000000000000000b7,10.67630346,1099686.876,86.21012068,8/1/2021,96.88642413,2,9.305236526,9.305236526,10232.84648,10232.84648,15,0.725774184,7/1/2021,1.6278E+12,1.62512E+12,43.7449251,48105.72,34.43968857,37872.87352
1_0_127_000000000000000000b0,28.91780327,1008513.294,68.10498273,8/1/2021,97.022786,15,9.940335659,9.940335659,10024.96066,10024.96066,9,0.476056622,7/1/2021,1.6278E+12,1.62512E+12,103.223572,104102.3446,93.28323635,94077.38398
1_0_127_00000000000000000091,5.72727375,276128.7506,108.4343496,8/1/2021,114.1616233,16,84.7731783,84.7731783,23408.31181,23408.31181,3,0.442258026,7/1/2021,1.6278E+12,1.62512E+12,103.2482549,28509.81163,18.47507661,5101.499822
1_0_127_0000000000000000017e,13.87273479,466135.0442,90.62080843,8/1/2021,104.4935432,37,-23.70352366,23.70352366,-11049.04305,11049.04305,15,0.434377862,7/1/2021,1.6278E+12,1.62512E+12,21.04723373,9810.853224,44.75075739,20859.89627
1_0_128_000000000000000001b7,9.73124355,458936.3952,52.2574175,9/1/2021,61.98866105,7,-31.39110823,31.39110823,-14406.52205,14406.52205,12,0.317337522,8/1/2021,1.63048E+12,1.6278E+12,0,0,31.39110823,14406.52205
1_0_128_00000000000000000188,21.38472251,271207.8642,54.20077679,9/1/2021,75.5854993,18,-10.33845823,10.33845823,-2803.871176,2803.871176,10,0.894765415,8/1/2021,1.63048E+12,1.6278E+12,58.64451759,15904.85436,68.98297582,18708.72554
1_0_128_000000000000000000ed,21.27831023,1699157.855,56.5124923,9/1/2021,77.79080253,31,-31.99237023,31.99237023,-54360.08716,54360.08716,15,0.444742407,8/1/2021,1.63048E+12,1.6278E+12,36.6473402,62269.61596,68.63971043,116629.7031
1_0_129_000000000000000000e5,10.2335655,1021784.589,34.06920387,10/1/2021,44.30276938,1,-25.69358692,25.69358692,-26253.31114,26253.31114,32,0.399183665,9/1/2021,1.63307E+12,1.63048E+12,7.3179147,7477.332461,33.01150162,33730.6436
1_0_129_000000000000000000b8,6.296142725,1099686.876,45.00158074,10/1/2021,51.29772346,2,-18.06680833,18.06680833,-19867.832,19867.832,15,0.782388831,9/1/2021,1.63307E+12,1.63048E+12,2.243329492,2466.96,20.31013782,22334.792
1_0_129_00000000000000000191,9.776971453,300941.6978,39.79386706,10/1/2021,49.57083852,6,-21.69527379,21.69527379,-6529.012527,6529.012527,10,0.857166641,9/1/2021,1.63307E+12,1.63048E+12,9.843343802,2962.272596,31.53861759,9491.285122
1_0_129_000000000000000001b2,10.91733935,278180.2348,38.97869375,10/1/2021,49.89603309,10,-13.04670535,13.04670535,-3629.335557,3629.335557,31,0.674655504,9/1/2021,1.63307E+12,1.63048E+12,22.17051835,6167.4,35.2172237,9796.735557
1_0_129_000000000000000000b1,7.587285635,1008513.294,37.19145492,10/1/2021,44.77874056,15,-9.734735046,9.734735046,-9817.609708,9817.609708,9,0.572374902,9/1/2021,1.63307E+12,1.63048E+12,14.74037991,14865.8691,24.47511495,24683.4788
1_0_129_00000000000000000092,0.322164133,276128.7506,44.27685048,10/1/2021,44.59901462,16,33.84074447,33.84074447,9344.402489,9344.402489,3,0.377598236,9/1/2021,1.63307E+12,1.63048E+12,34.87998361,9631.366294,1.039239138,286.9638047
1_0_129_00000000000000000164,14.91338089,1597571.22,35.78670652,10/1/2021,50.70008741,17,-40.37725804,40.37725804,-64505.5454,64505.5454,20,0.654556766,9/1/2021,1.63307E+12,1.63048E+12,7.730422262,12349.90013,48.1076803,76855.44552
1_0_129_000000000000000000ee,4.812043366,1699157.855,35.61620926,10/1/2021,40.42825262,31,-1.56879891,1.56879891,-2665.63699,2665.63699,15,0.577588238,9/1/2021,1.63307E+12,1.63048E+12,13.95392163,23709.91554,15.52272054,26375.55253
1_0_129_0000000000000000017f,2.66385409,466135.0442,42.92423488,10/1/2021,45.58808897,37,-0.081885253,0.081885253,-38.16958595,38.16958595,15,0.983862809,9/1/2021,1.63307E+12,1.63048E+12,8.511192456,3967.365072,8.593077709,4005.534658
1_0_129_00000000000000000185,6.872152539,282902.4965,37.09122974,10/1/2021,43.96338228,38,-15.56757555,15.56757555,-4404.105988,4404.105988,10,0.722262262,9/1/2021,1.63307E+12,1.63048E+12,6.600658446,1867.342753,22.168234,6271.448741
1_0_130_0000000000000000004f,4.292245209,136664.5352,27.48124101,11/1/2021,31.77348621,26,-13.84595229,13.84595229,-1892.250634,1892.250634,12,0.402603088,10/1/2021,1.63575E+12,1.63307E+12,0,0,13.84595229,1892.250634
1_0_130_00000000000000000180,0.447055777,466135.0442,26.88487134,11/1/2021,27.33192712,37,-1.302661412,1.302661412,-607.2161347,607.2161347,15,0.66269551,10/1/2021,1.63575E+12,1.63307E+12,0.139453999,65.004396,1.442115411,672.2205307
1_0_131_00000000000000000050,4.414990303,136664.5352,12.58838512,12/1/2021,17.00337542,26,-14.2419042,14.2419042,-1946.363218,1946.363218,12,0.485535832,11/1/2021,1.63835E+12,1.63575E+12,0,0,14.2419042,1946.363218
1_0_134_00000000000000000052,0.372912709,136656.8152,13.38109399,3/1/2022,13.7540067,26,-1.202944222,1.202944222,-164.3905262,164.3905262,15,0.732753901,2/1/2022,1.64612E+12,1.6437E+12,0,0,1.202944222,164.3905262
1_0_135_00000000000000000053,3.804795537,136656.8152,34.32844332,4/1/2022,38.13323886,26,-12.27353399,12.27353399,-1677.262066,1677.262066,15,0.434752368,3/1/2022,1.6488E+12,1.64612E+12,0,0,12.27353399,1677.262066
1_0_136_00000000000000000077,1.320413705,192859.6027,57.87436172,5/1/2022,59.19477543,33,-1.291675461,1.291675461,-249.1120162,249.1120162,3,0.440949594,4/1/2022,1.65139E+12,1.6488E+12,2.967723588,572.353992,4.259399049,821.4660082
1_0_137_000000000000000000d2,1.26404527,1082083.025,65.69779429,6/1/2022,66.96183956,2,14.1610351,14.1610351,15323.41571,15323.41571,15,0.357087797,5/1/2022,1.65407E+12,1.65139E+12,18.23860049,19735.68,4.077565389,4412.264292
1_0_137_000000000000000000e8,8.777672567,1656774.213,61.50229258,6/1/2022,70.27996515,31,-23.26176425,23.26176425,-38539.49115,38539.49115,13,0.955871725,5/1/2022,1.65407E+12,1.65139E+12,5.05330855,8372.191297,28.3150728,46911.68245
1_0_137_00000000000000000181,3.029498338,466135.0442,75.5173906,6/1/2022,78.54688894,37,8.03625609,8.03625609,3745.980588,3745.980588,15,0.304932285,5/1/2022,1.65407E+12,1.65139E+12,17.80883137,8301.3204,9.772575283,4555.339812
1_0_138_00000000000000000156,3.147491484,1577032.335,85.70516016,7/1/2022,88.85265164,17,10.70717556,10.70717556,16885.56207,16885.56207,19,0.400433091,6/1/2022,1.65666E+12,1.65407E+12,20.86037389,32897.48415,10.15319834,16011.92208
1_0_138_00000000000000000078,7.378478394,192859.6027,76.81335002,7/1/2022,84.19182842,33,61.01941217,61.01941217,11768.17959,11768.17959,3,0.994346405,6/1/2022,1.65666E+12,1.65407E+12,84.82095537,16358.53575,23.80154321,4590.356166
1_0_139_000000000000000000d3,8.141630073,1082083.025,97.68751194,8/1/2022,105.829142,2,20.47309095,20.47309095,22153.58419,22153.58419,15,0.848077643,7/1/2022,1.65934E+12,1.65666E+12,46.73641376,50572.68,26.26332282,28419.09581
1_0_139_0000000000000000009d,13.58689276,986130.6484,89.66964338,8/1/2022,103.2565361,15,15.58654607,15.58654607,15370.37078,15370.37078,9,0.647474335,7/1/2022,1.65934E+12,1.65666E+12,59.41523239,58591.18165,43.82868632,43220.81086
1_0_14_00000000000000000073,0.444898968,196514.873,16.98408866,3/1/2012,17.42898763,33,-1.43515796,1.43515796,-282.0298843,282.0298843,9,0.778493162,2/1/2012,1.33059E+12,1.32808E+12,0,0,1.43515796,282.0298843
1_0_140_00000000000000000179,13.63868235,294373.4936,71.45017643,9/1/2022,85.08885878,6,51.80690646,51.80690646,15250.58005,15250.58005,12,0.900649125,8/1/2022,1.66202E+12,1.65934E+12,95.80265597,28201.76253,43.99574951,12951.18249
1_0_140_000000000000000001b8,7.86314126,440070.8881,50.95849482,9/1/2022,58.82163608,7,31.84056336,31.84056336,14012.10499,14012.10499,7,0.456860399,8/1/2022,1.66202E+12,1.65934E+12,57.20553516,25174.49066,25.36497181,11162.38567
1_0_140_00000000000000000036,6.883132603,136656.8152,57.34206709,9/1/2022,64.22519969,26,63.71103456,63.71103456,8706.547075,8706.547075,15,0.716380369,8/1/2022,1.66202E+12,1.65934E+12,85.91468812,11740.82766,22.20365356,3034.280581
1_0_140_0000000000000000005e,22.70008499,144142.7332,61.74137914,9/1/2022,84.44146413,27,57.5520239,57.5520239,8295.706024,8295.706024,15,0.454308402,8/1/2022,1.66202E+12,1.65934E+12,130.7781045,18850.71342,73.2260806,10555.0074
1_0_140_0000000000000000017a,12.75362321,150937.7582,83.88419155,9/1/2022,96.63781475,40,180.824057,180.824057,27293.17779,27293.17779,4,0.957396952,8/1/2022,1.66202E+12,1.65934E+12,221.964777,33502.86584,41.14072002,6209.688049
1_0_141_000000000000000000d4,3.474551971,1082083.025,41.03642488,10/1/2022,44.51097686,2,7.03036833,7.03036833,7607.442232,7607.442232,15,0.615968477,9/1/2022,1.66461E+12,1.66202E+12,18.23860049,19735.68,11.20823216,12128.23777
1_0_141_000000000000000001b9,9.18415884,440070.8881,28.11885754,10/1/2022,37.30301638,7,69.07180925,69.07180925,30396.49244,30396.49244,7,0.813544976,9/1/2022,1.66461E+12,1.66202E+12,98.69812809,43434.17288,29.62631884,13037.68044
1_0_141_00000000000000000153,12.61483431,271920.8003,42.08869623,10/1/2022,54.70353055,10,-4.403623804,4.403623804,-1197.436909,1197.436909,31,0.629130887,9/1/2022,1.66461E+12,1.66202E+12,36.2893901,9867.84,40.69301391,11065.27691
1_0_141_0000000000000000009e,12.30728334,986130.6484,42.62419171,10/1/2022,54.93147504,15,-12.86222003,12.86222003,-12683.82938,12683.82938,9,0.369080179,9/1/2022,1.66461E+12,1.66202E+12,26.83869395,26466.45867,39.70091398,39150.28805
1_0_141_00000000000000000096,4.839647029,273356.1259,57.32379924,10/1/2022,62.16344627,16,17.46195148,17.46195148,4773.331409,4773.331409,1,0.433377991,9/1/2022,1.66461E+12,1.66202E+12,33.07371609,9040.902901,15.61176461,4267.571492
1_0_141_00000000000000000166,2.6223769,261396.9331,47.19108269,10/1/2022,49.81345959,18,51.97620898,51.97620898,13586.42162,13586.42162,9,0.562365784,9/1/2022,1.66461E+12,1.66202E+12,60.4354893,15797.65155,8.459280322,2211.229932
1_0_141_00000000000000000037,11.57798463,136656.8152,36.72106201,10/1/2022,48.29904664,26,10.84709898,10.84709898,1482.330001,1482.330001,15,0.687750906,9/1/2022,1.66461E+12,1.66202E+12,48.1954365,6586.234859,37.34833752,5103.904858
1_0_142_00000000000000000038,7.640481253,136656.8152,21.77915286,11/1/2022,29.41963411,26,-19.78257288,19.78257288,-2703.423406,2703.423406,15,0.855365535,10/1/2022,1.66729E+12,1.66461E+12,4.864140841,664.717996,24.64671372,3368.141402
1_0_142_0000000000000000014d,4.956996255,469668.1047,14.33239472,11/1/2022,19.28939097,32,24.38862837,24.38862837,11454.56086,11454.56086,2,0.485711606,10/1/2022,1.66729E+12,1.66461E+12,40.37893887,18964.69969,15.9903105,7510.138827
1_0_142_00000000000000000182,5.47945602,466135.0442,25.00141644,11/1/2022,30.48087246,37,-17.55658621,17.55658621,-8183.740092,8183.740092,15,0.605938053,10/1/2022,1.66729E+12,1.66461E+12,0.119078367,55.5066,17.67566458,8239.246692
1_0_144_00000000000000000054,0.842106777,136656.8152,8.452920278,1/1/2023,9.295027055,26,-2.716473473,2.716473473,-371.2246133,371.2246133,15,0.606494895,12/1/2022,1.67256E+12,1.66988E+12,0,0,2.716473473,371.2246133
1_0_145_00000000000000000055,1.204763234,136656.8152,6.590341121,2/1/2023,7.795104355,26,-3.886333013,3.886333013,-531.0938923,531.0938923,15,0.942074107,1/1/2023,1.67524E+12,1.67256E+12,0,0,3.886333013,531.0938923
1_0_145_0000000000000000007b,0.129892842,192859.6027,5.690612516,2/1/2023,5.820505357,33,-0.419009167,0.419009167,-80.80994142,80.80994142,3,0.479049875,1/1/2023,1.67524E+12,1.67256E+12,0,0,0.419009167,80.80994142
1_0_146_0000000000000000007c,0.401563256,192859.6027,10.89235536,3/1/2023,11.29391861,33,-1.295365341,1.295365341,-249.823645,249.823645,3,0.630731788,2/1/2023,1.67766E+12,1.67524E+12,0,0,1.295365341,249.823645
1_0_147_0000000000000000007d,16.59909298,192859.6027,13.24238707,4/1/2023,29.84148005,33,-53.54546123,53.54546123,-10326.75638,10326.75638,3,0.420197477,3/1/2023,1.68033E+12,1.67766E+12,0,0,53.54546123,10326.75638
1_0_149_00000000000000000183,5.920951863,466135.0442,95.19684507,6/1/2023,101.1177969,37,18.58184306,18.58184306,8661.648237,8661.648237,15,0.37471813,5/1/2023,1.6856E+12,1.68292E+12,37.68168778,17564.7552,19.09984472,8903.106963
1_0_150_000000000000000000e7,7.807383003,1007038.422,71.15035363,7/1/2023,78.95773663,1,77.67517384,77.67517384,78221.88449,78221.88449,36,0.719284111,6/1/2023,1.68819E+12,1.6856E+12,102.8602803,103584.2544,25.18510646,25362.36987
1_0_150_00000000000000000084,8.188046887,323310.0573,70.41977476,7/1/2023,78.60782165,8,31.74096519,31.74096519,10262.17327,10262.17327,8,0.472250012,6/1/2023,1.68819E+12,1.6856E+12,58.15401966,18801.77943,26.41305447,8539.606155
1_0_150_00000000000000000097,9.834409965,273356.1259,64.48407987,7/1/2023,74.31848984,16,16.25496531,16.25496531,4443.394344,4443.394344,1,0.747902336,6/1/2023,1.68819E+12,1.6856E+12,47.97886842,13115.3176,31.72390311,8671.923254
1_0_150_0000000000000000003c,10.64664215,136498.1011,68.27011692,7/1/2023,78.91675907,28,-17.40787472,17.40787472,-2376.141843,2376.141843,15,0.825441793,6/1/2023,1.68819E+12,1.6856E+12,16.93613222,2311.749887,34.34400694,4687.89173
1_0_151_000000000000000000d5,12.16523844,1082083.025,88.19127371,8/1/2023,100.3565121,2,4.073971517,4.073971517,4408.375424,4408.375424,15,0.967648841,7/1/2023,1.69087E+12,1.68819E+12,43.31667617,46872.24,39.24270466,42463.86458
1_0_151_00000000000000000141,9.953229773,1154822.601,84.58443692,8/1/2023,94.53766669,3,-1.680224806,1.680224806,-1940.361581,1940.361581,18,0.559900352,7/1/2023,1.69087E+12,1.68819E+12,30.42696801,35137.75035,32.10719282,37078.11193
1_0_151_000000000000000001ba,8.626178824,440070.8881,71.119681,8/1/2023,79.74585983,7,62.0704499,62.0704499,27315.39801,27315.39801,7,0.346031464,7/1/2023,1.69087E+12,1.68819E+12,89.8968332,39560.97922,27.8263833,12245.58121
1_0_151_00000000000000000085,2.823979624,323310.0573,81.24824126,8/1/2023,84.07222088,8,71.86733173,71.86733173,23235.43114,23235.43114,8,0.85806503,7/1/2023,1.69087E+12,1.68819E+12,80.97694342,26180.66021,9.10961169,2945.229077
1_0_151_00000000000000000155,10.33216755,271920.8003,88.10663068,8/1/2023,98.43879823,10,34.71303369,34.71303369,9439.195902,9439.195902,31,0.445100964,7/1/2023,1.69087E+12,1.68819E+12,68.04260644,18502.2,33.32957276,9063.004098
1_0_151_00000000000000000098,5.777353146,273356.1259,103.6308689,8/1/2023,109.408222,16,62.76088511,62.76088511,17156.07241,17156.07241,1,0.39998424,7/1/2023,1.69087E+12,1.68819E+12,81.39750816,22250.50749,18.63662305,5094.435077
1_0_151_000000000000000000b3,0.481048392,379966.973,95.44461935,8/1/2023,95.92566774,20,23.66265765,23.66265765,8991.028399,8991.028399,7,0.677837317,7/1/2023,1.69087E+12,1.68819E+12,25.21442665,9580.649371,1.551769005,589.6209717
1_0_151_000000000000000000b2,17.47802014,2412153.902,85.69680609,8/1/2023,103.1748262,25,-38.20662856,38.20662856,-92160.26817,92160.26817,33,0.531674689,7/1/2023,1.69087E+12,1.68819E+12,18.17408158,43838.68179,56.38071014,135998.95
1_0_151_0000000000000000010b,3.920791421,162278.64,92.69105982,8/1/2023,96.61185124,30,55.26898296,55.26898296,8968.975391,8968.975391,13,0.579608108,7/1/2023,1.69087E+12,1.68819E+12,67.91669722,11021.42926,12.64771426,2052.45387
1_0_151_00000000000000000079,19.5258168,192859.6027,81.61002251,8/1/2023,101.1358393,33,49.08881001,49.08881001,9467.248395,9467.248395,3,0.449883329,7/1/2023,1.69087E+12,1.68819E+12,112.0753158,21614.80088,62.9865058,12147.55248
1_0_151_00000000000000000184,11.47043245,466135.0442,98.80982007,8/1/2023,110.2802525,37,38.04443826,38.04443826,17733.84591,17733.84591,15,0.641131268,7/1/2023,1.69087E+12,1.68819E+12,75.04583325,34981.4928,37.00139499,17247.64689
1_0_151_0000000000000000017b,5.795460545,150937.7582,108.7946307,8/1/2023,114.5900912,40,111.5867994,111.5867994,16842.66134,16842.66134,4,0.763126146,7/1/2023,1.69087E+12,1.68819E+12,130.2818334,19664.44787,18.69503402,2821.786523
1_0_152_0000000000000000009f,22.46572791,986130.6484,54.9923421,9/1/2023,77.45807,15,-25.53952798,25.53952798,-25185.31129,25185.31129,9,0.365625728,8/1/2023,1.69355E+12,1.69087E+12,46.93056204,46279.66558,72.47009002,71464.97687
1_0_152_00000000000000000168,6.675687888,261396.9331,64.92980416,9/1/2023,71.60549205,18,38.7683186,38.7683186,10133.91958,10133.91958,9,0.479826264,8/1/2023,1.69355E+12,1.69087E+12,60.30279566,15762.96584,21.53447706,5629.046259
1_0_152_00000000000000000039,9.902541851,136656.8152,60.58565707,9/1/2023,70.48819892,26,76.06184938,76.06184938,10394.37009,10394.37009,15,0.759781554,8/1/2023,1.69355E+12,1.69087E+12,108.0055328,14759.69213,31.94368339,4365.322038
1_0_152_000000000000000000e9,19.0351081,1656774.213,50.3767945,9/1/2023,69.4119026,31,-18.55018368,18.55018368,-30733.46597,30733.46597,13,0.856961098,8/1/2023,1.69355E+12,1.69087E+12,42.85339083,70998.39288,61.40357452,101731.8589
1_0_152_0000000000000000007a,18.5603322,192859.6027,65.14698621,9/1/2023,83.7073184,33,9.915982858,9.915982858,1912.392514,1912.392514,3,0.394032603,8/1/2023,1.69355E+12,1.69087E+12,69.7880222,13459.29023,59.87203934,11546.89772
1_0_153_000000000000000001bb,10.38767546,440070.8881,27.50868118,10/1/2023,37.89635665,7,25.3151906,25.3151906,11140.47841,11140.47841,7,0.358310599,9/1/2023,1.69614E+12,1.69355E+12,58.82382112,25886.6512,33.50863053,14746.1728
1_0_153_0000000000000000003a,2.876881791,136656.8152,36.2873027,10/1/2023,39.16418449,26,17.06531904,17.06531904,2332.09215,2332.09215,15,0.688637263,9/1/2023,1.69614E+12,1.69355E+12,26.34558288,3600.303451,9.280263843,1268.211301
1_0_153_0000000000000000003d,2.882608853,136498.1011,36.2873027,10/1/2023,39.16991155,28,14.01305601,14.01305601,1912.755535,1912.755535,15,0.533649005,9/1/2023,1.69614E+12,1.69355E+12,23.31179424,3182.015646,9.298738235,1269.260111
1_0_153_0000000000000000010c,11.90860123,162278.64,41.96103945,10/1/2023,53.86964069,30,12.70613326,12.70613326,2061.934025,2061.934025,13,0.421731324,9/1/2023,1.69614E+12,1.69355E+12,51.12097595,8295.842454,38.41484269,6233.908429
1_0_154_0000000000000000007e,3.045216113,192859.6027,24.54163877,11/1/2023,27.58685489,33,-9.823277783,9.823277783,-1894.51345,1894.51345,3,0.356901482,10/1/2023,1.69882E+12,1.69614E+12,0,0,9.823277783,1894.51345
1_0_155_00000000000000000058,0.822774254,136656.8152,8.097349426,12/1/2023,8.920123679,26,-2.654110496,2.654110496,-362.7022875,362.7022875,15,0.390872435,11/1/2023,1.70142E+12,1.69882E+12,0,0,2.654110496,362.7022875
1_0_155_0000000000000000005b,0.823355079,136498.1011,8.097349426,12/1/2023,8.920704505,28,-2.655984126,2.655984126,-362.5367897,362.5367897,15,0.648051284,11/1/2023,1.70142E+12,1.69882E+12,0,0,2.655984126,362.5367897
1_0_155_0000000000000000007f,0.576639398,192859.6027,7.381029191,12/1/2023,7.957668589,33,-1.860127089,1.860127089,-358.7433713,358.7433713,3,0.838499851,11/1/2023,1.70142E+12,1.69882E+12,0,0,1.860127089,358.7433713
1_0_156_00000000000000000059,0.048485242,136656.8152,10.97789971,1/1/2024,11.02638495,26,-0.156404005,0.156404005,-21.37367319,21.37367319,15,0.874915869,12/1/2023,1.7041E+12,1.70142E+12,0,0,0.156404005,21.37367319
1_0_156_0000000000000000005c,0.047500635,136498.1011,10.97789971,1/1/2024,11.02540035,28,-0.153227854,0.153227854,-20.91531109,20.91531109,15,0.874213081,12/1/2023,1.7041E+12,1.70142E+12,0,0,0.153227854,20.91531109
1_0_156_00000000000000000080,1.037954679,192859.6027,8.036721059,1/1/2024,9.074675738,33,-3.3482409,3.3482409,-645.7404097,645.7404097,3,0.793730931,12/1/2023,1.7041E+12,1.70142E+12,0,0,3.3482409,645.7404097
1_0_18_0000000000000000000a,4.484847707,136664.5352,57.52236693,7/1/2012,62.00721464,26,-0.551497165,0.551497165,-75.37010367,75.37010367,9,0.970951517,6/1/2012,1.34113E+12,1.33853E+12,13.9157535,1901.789984,14.46725067,1977.160088
1_0_19_0000000000000000000b,10.30558795,136664.5352,80.47964782,8/1/2012,90.78523576,26,2.534390043,2.534390043,346.3612371,346.3612371,9,0.920315927,7/1/2012,1.3438E+12,1.34113E+12,35.77822213,4889.614097,33.24383209,4543.25286
1_0_21_0000000000000000014f,5.694017194,519541.8246,38.58996818,10/1/2012,44.28398537,32,-4.525037205,4.525037205,-2350.946086,2350.946086,8,0.839009506,9/1/2012,1.34907E+12,1.34648E+12,13.84276019,7191.892888,18.3677974,9542.838974
1_0_24_00000000000000000101,0.422106514,164651.4992,4.010680861,1/1/2013,4.432787375,30,18.10666855,18.10666855,2981.290122,2981.290122,10,0.741666401,12/1/2012,1.35703E+12,1.35435E+12,19.46830247,3205.485188,1.361633918,224.1950659
1_0_26_00000000000000000103,0.763045204,164651.4992,8.296640034,3/1/2013,9.059685238,30,19.6277762,19.6277762,3231.742777,3231.742777,10,0.425658953,2/1/2013,1.36212E+12,1.35971E+12,22.08921234,3637.021928,2.461436142,405.279151
1_0_28_00000000000000000070,0.634551695,196514.873,46.72454961,5/1/2013,47.35910131,33,-0.159194876,0.159194876,-31.28416089,31.28416089,9,0.496875507,4/1/2013,1.36739E+12,1.3648E+12,1.887746074,370.97018,2.04694095,402.2543409
1_0_29_00000000000000000071,3.783369976,196514.873,64.51639052,6/1/2013,68.29976049,33,14.30069136,14.30069136,2810.298547,2810.298547,9,0.782947905,5/1/2013,1.37007E+12,1.36739E+12,26.50511064,5208.648452,12.20441928,2398.349904
1_0_31_0000000000000000000f,2.809381171,136664.5352,110.0994825,8/1/2013,112.9088637,26,52.77173192,52.77173192,7212.024213,7212.024213,9,0.48504115,7/1/2013,1.37534E+12,1.37266E+12,61.83425183,8450.549284,9.062519907,1238.525071
1_0_32_00000000000000000094,0.04452449,271963.3675,88.9249385,9/1/2013,88.96946299,16,119.9758159,119.9758159,32629.02691,32629.02691,7,0.303223693,8/1/2013,1.37802E+12,1.37534E+12,120.1194433,32668.0883,0.143627386,39.06138765
1_0_32_00000000000000000010,5.104025837,136664.5352,66.70622925,9/1/2013,71.81025509,26,35.25691031,35.25691031,4818.369259,4818.369259,9,0.831222615,8/1/2013,1.37802E+12,1.37534E+12,51.72150978,7068.496093,16.46459948,2250.126834
1_0_33_00000000000000000011,1.743842246,136664.5352,36.57318945,10/1/2013,38.31703169,26,11.05477162,11.05477162,1510.795225,1510.795225,9,0.76600414,9/1/2013,1.38061E+12,1.37802E+12,16.68006919,2279.573902,5.625297567,768.7786773
1_0_33_00000000000000000107,6.177797939,164651.4992,45.82083539,10/1/2013,51.99863333,30,0.431950995,0.431950995,71.12137883,71.12137883,10,0.943953546,9/1/2013,1.38061E+12,1.37802E+12,20.36033144,3352.359096,19.92838045,3281.237717
1_0_34_00000000000000000012,0.01343399,136664.5352,23.2959708,11/1/2013,23.30940479,26,2.316581345,2.316581345,316.5945128,316.5945128,9,0.579406997,10/1/2013,1.38329E+12,1.38061E+12,2.359916796,322.516932,0.043335451,5.922419229
1_0_34_00000000000000000076,2.731410087,196514.873,25.9120803,11/1/2013,28.64349038,33,-8.81100028,8.81100028,-1731.492601,1731.492601,9,0.775250649,10/1/2013,1.38329E+12,1.38061E+12,0,0,8.81100028,1731.492601
1_0_36_00000000000000000108,0.696524713,164651.4992,5.497308168,1/1/2014,6.193832881,30,19.46531526,19.46531526,3204.993339,3204.993339,10,0.709335606,12/1/2013,1.38856E+12,1.38588E+12,21.71216917,3574.941204,2.246853913,369.9478653
1_0_39_0000000000000000011e,9.589108738,156204.2239,37.51688919,4/1/2014,47.10599793,30,-5.181854048,5.181854048,-809.4274898,809.4274898,12,0.481007618,3/1/2014,1.39634E+12,1.39366E+12,25.75075479,4022.376666,30.93260883,4831.804156
1_0_40_0000000000000000011f,2.535137637,156204.2239,60.78897099,5/1/2014,63.32410863,30,15.73597519,15.73597519,2458.025791,2458.025791,12,0.784057988,4/1/2014,1.39893E+12,1.39634E+12,23.91383853,3735.442588,8.177863344,1277.416797
1_0_45_000000000000000000bf,7.960099455,1653200.141,44.65461949,10/1/2014,52.61471895,12,-21.20227862,21.20227862,-35051.60999,35051.60999,47,0.324233196,9/1/2014,1.41215E+12,1.40955E+12,4.47546156,7398.833682,25.67774018,42450.44368
1_0_45_00000000000000000016,1.820794705,136664.5352,41.90912027,10/1/2014,43.72991497,26,20.802946,20.802946,2843.024945,2843.024945,12,0.428440437,9/1/2014,1.41215E+12,1.40955E+12,26.67647731,3645.728371,5.873531307,802.7034259
1_0_45_00000000000000000146,1.881535443,469668.1047,33.66733899,10/1/2014,35.54887444,32,5.617579013,5.617579013,2638.397688,2638.397688,10,0.878659192,9/1/2014,1.41215E+12,1.40955E+12,11.68704818,5489.033771,6.069469172,2850.636082
1_0_46_000000000000000001a6,1.344553368,198451.8649,26.07863247,11/1/2014,27.42318584,33,-4.337268928,4.337268928,-860.7391076,860.7391076,9,0.727474226,10/1/2014,1.41483E+12,1.41215E+12,0,0,4.337268928,860.7391076
1_0_50_00000000000000000124,0.023571829,156204.2239,21.04416344,3/1/2015,21.06773526,30,24.8265363,24.8265363,3878.009835,3878.009835,12,0.704786679,2/1/2015,1.4252E+12,1.42278E+12,24.90257446,3889.887316,0.076038157,11.87748131
1_0_50_00000000000000000198,0.031748897,198451.8649,18.52522455,3/1/2015,18.55697345,33,1.940675434,1.940675434,385.1306591,385.1306591,9,0.936663552,2/1/2015,1.4252E+12,1.42278E+12,2.043091231,405.4552651,0.102415797,20.32460599
1_0_51_00000000000000000040,1.886118331,136664.5352,41.40040576,4/1/2015,43.28652409,26,-6.084252679,6.084252679,-831.5015643,831.5015643,12,0.50479697,3/1/2015,1.42787E+12,1.4252E+12,0,0,6.084252679,831.5015643
1_0_53_00000000000000000019,0.900034456,136664.5352,87.83080811,6/1/2015,88.73084257,26,16.0951012,16.0951012,2199.629524,2199.629524,12,0.344346723,5/1/2015,1.43314E+12,1.43046E+12,18.99843815,2596.412719,2.903336954,396.7831952
1_0_54_00000000000000000127,8.66902856,156204.2239,104.1671748,7/1/2015,112.8362034,30,1.111013416,1.111013416,173.5449884,173.5449884,12,0.41112439,6/1/2015,1.43573E+12,1.43314E+12,29.07562168,4541.734918,27.96460826,4368.18993
1_0_54_00000000000000000199,0.648521879,198451.8649,89.19176131,7/1/2015,89.84028319,33,85.82327208,85.82327208,17031.7884,17031.7884,9,0.680073756,6/1/2015,1.43573E+12,1.43314E+12,87.91527814,17446.9509,2.092006062,415.1625045
1_0_55_00000000000000000193,3.389924922,300881.6084,87.3688625,8/1/2015,90.75878742,6,78.91115046,78.91115046,23742.91387,23742.91387,21,0.823006593,7/1/2015,1.43841E+12,1.43573E+12,89.84639215,27033.12697,10.93524168,3290.213106
1_0_55_0000000000000000001a,10.41172502,136664.5352,90.76284339,8/1/2015,101.1745684,26,30.90156354,30.90156354,4223.147818,4223.147818,12,0.34114213,7/1/2015,1.43841E+12,1.43573E+12,64.4877733,8813.191562,33.58620975,4590.043744
1_0_56_00000000000000000194,15.15825204,300881.6084,55.30555961,9/1/2015,70.46381166,6,32.73211368,32.73211368,9848.491009,9848.491009,21,0.329813436,8/1/2015,1.44109E+12,1.43841E+12,81.62970092,24560.8757,48.89758724,14712.38469
1_0_56_0000000000000000009b,10.13893399,1034545.642,67.20345907,9/1/2015,77.34239305,15,33.51608442,33.51608442,34673.91908,34673.91908,16,0.85990862,8/1/2015,1.44109E+12,1.43841E+12,66.22232308,68510.01576,32.70623867,33836.09668
1_0_56_00000000000000000089,1.773653542,276122.1952,91.63738434,9/1/2015,93.41103788,16,126.127451,126.127451,34826.58865,34826.58865,11,0.331257042,8/1/2015,1.44109E+12,1.43841E+12,131.848914,36406.41159,5.721463039,1579.822934
1_0_56_0000000000000000019a,0.043427368,198451.8649,75.85342219,9/1/2015,75.89684956,33,72.56750294,72.56750294,14401.15629,14401.15629,9,0.751717579,8/1/2015,1.44109E+12,1.43841E+12,72.70759122,14428.95707,0.140088284,27.80078121
1_0_57_0000000000000000008a,3.705763355,276122.1952,48.72420858,10/1/2015,52.42997194,16,46.60466329,46.60466329,12868.58193,12868.58193,11,0.791102982,9/1/2015,1.44368E+12,1.44109E+12,58.55873862,16169.36746,11.95407534,3300.785524
1_0_57_0000000000000000019b,1.891902238,198451.8649,47.46177012,10/1/2015,49.35367236,33,7.127302213,7.127302213,1414.426416,1414.426416,9,0.9780399,9/1/2015,1.44368E+12,1.44109E+12,13.23021266,2625.560376,6.102910447,1211.13396
1_0_59_0000000000000000012b,1.207933298,156204.2239,12.21731736,12/1/2015,13.42525066,30,-1.684020054,1.684020054,-263.0510456,263.0510456,12,0.765554008,11/1/2015,1.44896E+12,1.44636E+12,2.212538972,345.607933,3.896559027,608.6589786
1_0_65_00000000000000000195,10.18804257,300881.6084,84.28905439,6/1/2016,94.47709695,6,25.47876087,25.47876087,7666.090549,7666.090549,21,0.827569512,5/1/2016,1.46476E+12,1.46209E+12,58.34341431,17554.46033,32.86465344,9888.369785
1_0_65_000000000000000000a0,0.52891742,1017574.306,81.40822249,6/1/2016,81.93713991,15,48.00104453,48.00104453,48844.62959,48844.62959,6,0.647924261,5/1/2016,1.46476E+12,1.46209E+12,49.70722976,50580.79984,1.706185227,1736.170249
1_0_66_000000000000000000c0,2.14768066,1653213.936,71.86125446,7/1/2016,74.00893512,12,-1.49251105,1.49251105,-2467.440068,2467.440068,31,0.433923425,6/1/2016,1.46736E+12,1.46476E+12,5.435491078,8986.029597,6.928002128,11453.46966
1_0_66_000000000000000000a1,16.25600937,1017574.306,73.25242741,7/1/2016,89.50843678,15,35.03855779,35.03855779,35654.33613,35654.33613,6,0.576379691,6/1/2016,1.46736E+12,1.46476E+12,87.4772977,89014.65052,52.43873991,53360.31439
1_0_66_0000000000000000008b,2.107771238,276122.1952,86.66606142,7/1/2016,88.77383265,16,50.16481057,50.16481057,13851.61762,13851.61762,6,0.300255291,6/1/2016,1.46736E+12,1.46476E+12,56.96407262,15729.04478,6.799262058,1877.427165
1_0_67_000000000000000000c1,8.951860815,1653213.936,79.34629973,8/1/2016,88.29816054,12,-27.02135202,27.02135202,-44672.07572,44672.07572,31,0.976647033,7/1/2016,1.47003E+12,1.46736E+12,1.855618351,3067.734118,28.87697037,47739.80984
1_0_67_000000000000000000cd,4.350041697,363674.175,95.8115927,8/1/2016,100.1616344,14,20.46537321,20.46537321,7442.727717,7442.727717,34,0.623489502,7/1/2016,1.47003E+12,1.46736E+12,34.49776578,12545.94651,14.03239257,5103.218791
1_0_67_00000000000000000159,14.80023067,1598321.281,80.04000925,8/1/2016,94.84023992,17,21.52539852,21.52539852,34404.50254,34404.50254,16,0.487302801,7/1/2016,1.47003E+12,1.46736E+12,69.26807812,110712.6434,47.7426796,76308.14081
1_0_67_00000000000000000147,14.93616542,469668.1047,51.32140523,8/1/2016,66.25757064,32,-26.16515116,26.16515116,-12288.93696,12288.93696,2,0.430176108,7/1/2016,1.47003E+12,1.46736E+12,22.0160276,10340.22596,48.18117877,22629.16291
1_0_68_000000000000000000a2,15.83767993,1017574.306,58.9853356,9/1/2016,74.82301553,15,-39.65597327,39.65597327,-40352.89949,40352.89949,6,0.350744622,8/1/2016,1.47271E+12,1.47003E+12,11.43331683,11634.24944,51.0892901,51987.14893
1_0_68_0000000000000000001b,7.436322688,136664.5352,56.40044619,9/1/2016,63.83676887,26,76.91492447,76.91492447,10511.5424,10511.5424,10,0.924094893,8/1/2016,1.47271E+12,1.47003E+12,100.9030622,13789.87009,23.9881377,3278.327689
1_0_69_0000000000000000016d,1.775967737,447248.556,36.34478115,10/1/2016,38.12074889,9,32.96591591,32.96591591,14743.95829,14743.95829,4,0.347466219,9/1/2016,1.47531E+12,1.47271E+12,38.6948441,17306.21315,5.728928184,2562.254858
1_0_69_000000000000000000a3,5.240812353,1017574.306,34.37106802,10/1/2016,39.61188038,15,-10.36863231,10.36863231,-10550.85383,10550.85383,6,0.309077221,9/1/2016,1.47531E+12,1.47271E+12,6.537213993,6652.100993,16.9058463,17202.95482
1_0_7_000000000000000000fb,0.469044176,164651.4992,89.46702108,8/1/2011,89.93606526,30,24.65926831,24.65926831,4060.185496,4060.185496,9,0.611571071,7/1/2011,1.31218E+12,1.3095E+12,26.17231404,4309.310744,1.51304573,249.1252478
1_0_7_00000000000000000069,3.470628707,196514.873,89.43726791,8/1/2011,92.90789662,33,95.40985547,95.40985547,18749.45563,18749.45563,7,0.612272494,7/1/2011,1.31218E+12,1.3095E+12,106.6054319,20949.55292,11.19557648,2200.09729
1_0_70_0000000000000000001d,2.9304933,136664.5352,21.73812304,11/1/2016,24.66861634,26,8.304338742,8.304338742,1134.908594,1134.908594,10,0.711896315,10/1/2016,1.47798E+12,1.47531E+12,17.75754293,2426.826351,9.453204193,1291.917757
1_0_71_00000000000000000044,6.575991648,136664.5352,9.186131516,12/1/2016,15.76212316,26,-21.21287628,21.21287628,-2899.047877,2899.047877,10,0.456510042,11/1/2016,1.48058E+12,1.47798E+12,0,0,21.21287628,2899.047877
1_0_72_00000000000000000045,1.887275926,136664.5352,3.818057751,1/1/2017,5.705333677,26,-6.087986857,6.087986857,-832.011894,832.011894,10,0.723946339,12/1/2016,1.48326E+12,1.48058E+12,0,0,6.087986857,832.011894
1_0_73_00000000000000000130,3.198085427,156204.2239,10.35465501,2/1/2017,13.55274043,30,-8.191107038,8.191107038,-1279.485518,1279.485518,11,0.762266855,1/1/2017,1.48594E+12,1.48326E+12,2.125297567,331.980457,10.3164046,1611.465975
1_0_74_0000000000000000019f,0.154667658,198451.8649,4.397013758,3/1/2017,4.551681416,33,1.44859905,1.44859905,287.477183,287.477183,6,0.381353847,2/1/2017,1.48836E+12,1.48594E+12,1.947526979,386.490361,0.498927929,99.013178
1_0_78_00000000000000000196,2.955940897,300881.6084,79.40695182,7/1/2017,82.36289272,6,33.08770739,33.08770739,9955.482618,9955.482618,21,0.507016753,6/1/2017,1.49889E+12,1.4963E+12,42.62300061,12824.47698,9.535293217,2868.994359
1_0_78_0000000000000000015b,1.096439874,1598321.281,87.9543266,7/1/2017,89.05076647,17,24.4285277,24.4285277,39044.63569,39044.63569,16,0.608420242,6/1/2017,1.49889E+12,1.4963E+12,27.96543052,44697.74274,3.53690282,5653.107046
1_0_79_000000000000000000c2,2.995881928,1653213.936,89.86649764,8/1/2017,92.86237957,12,-1.635781537,1.635781537,-2704.296833,2704.296833,31,0.637535529,7/1/2017,1.50157E+12,1.49889E+12,8.028353714,13272.58624,9.664135252,15976.88308
1_0_80_0000000000000000015c,19.36680001,1598321.281,72.69981651,9/1/2017,92.06661652,17,-47.47729086,47.47729086,-75883.96434,75883.96434,16,0.808493513,8/1/2017,1.50425E+12,1.50157E+12,14.99625755,23968.83758,62.47354841,99852.80192
1_0_81_0000000000000000016e,0.760952501,447248.556,40.20697815,10/1/2017,40.96793065,9,45.37629313,45.37629313,20294.48158,20294.48158,4,0.490377923,9/1/2017,1.50684E+12,1.50425E+12,47.83097861,21392.33612,2.454685488,1097.85454
1_0_81_000000000000000000a6,8.855437234,1017574.306,32.05733518,10/1/2017,40.91277241,15,-23.18705644,23.18705644,-23594.55287,23594.55287,6,0.418731708,9/1/2017,1.50684E+12,1.50425E+12,5.378870117,5473.400027,28.56592656,29067.9529
1_0_81_0000000000000000008d,7.65819498,276122.1952,50.73208021,10/1/2017,58.39027519,16,33.2827996,33.2827996,9190.119689,9190.119689,6,0.766671996,9/1/2017,1.50684E+12,1.50425E+12,57.98665437,16011.4023,24.70385477,6821.282611
1_0_81_0000000000000000001e,6.314125546,136664.5352,31.9358358,10/1/2017,38.24996135,26,23.8248959,23.8248959,3256.018323,3256.018323,10,0.766080331,9/1/2017,1.50684E+12,1.50425E+12,44.19304282,6039.621655,20.36814692,2783.603332
1_0_81_00000000000000000133,5.932752724,156204.2239,42.90336076,10/1/2017,48.83611348,30,24.07081732,24.07081732,3759.963337,3759.963337,11,0.39036139,9/1/2017,1.50684E+12,1.50425E+12,43.20872933,6749.38603,19.13791201,2989.422693
1_0_82_000000000000000000a7,0.915327966,1017574.306,20.85236317,11/1/2017,21.76769114,15,-2.238528683,2.238528683,-2277.869272,2277.869272,6,0.628284821,10/1/2017,1.50952E+12,1.50684E+12,0.714142175,726.6927285,2.952670859,3004.562
1_0_82_0000000000000000001f,3.678547942,136664.5352,20.8724183,11/1/2017,24.55096625,26,11.99879039,11.99879039,1639.809112,1639.809112,10,0.733488697,10/1/2017,1.50952E+12,1.50684E+12,23.86507408,3261.509256,11.86628369,1621.700144
1_0_82_00000000000000000134,1.96357092,156204.2239,26.13064697,11/1/2017,28.09421789,30,-5.822768173,5.822768173,-909.5409834,909.5409834,11,0.311112315,10/1/2017,1.50952E+12,1.50684E+12,0.51133157,79.872151,6.334099743,989.4131344
1_0_83_00000000000000000020,3.512773089,136664.5352,15.16455234,12/1/2017,18.67732543,26,-8.675234771,8.675234771,-1185.596927,1185.596927,10,0.66441993,11/1/2017,1.51212E+12,1.50952E+12,2.656291323,363.020819,11.33152609,1548.617746
1_0_83_00000000000000000135,0.107923403,156204.2239,17.46412821,12/1/2017,17.57205162,30,0.143804582,0.143804582,22.46288309,22.46288309,11,0.60577827,11/1/2017,1.51212E+12,1.50952E+12,0.491944591,76.843823,0.348140009,54.38093991
1_0_86_000000000000000001a9,1.52700756,198451.8649,17.15251456,3/1/2018,18.67952212,33,-4.925830839,4.925830839,-977.5403164,977.5403164,6,0.768270162,2/1/2018,1.51989E+12,1.51747E+12,0,0,4.925830839,977.5403164
1_0_87_00000000000000000138,0.890569416,156204.2239,31.22367904,4/1/2018,32.11424846,30,20.32613911,20.32613911,3175.028785,3175.028785,11,0.926286775,3/1/2018,1.52257E+12,1.51989E+12,23.19894368,3623.772993,2.872804568,448.7442079
1_0_87_000000000000000001aa,4.384215483,198451.8649,31.06435089,4/1/2018,35.44856637,33,-14.14263059,14.14263059,-2806.631416,2806.631416,6,0.989232846,3/1/2018,1.52257E+12,1.51989E+12,0,0,14.14263059,2806.631416
1_0_88_0000000000000000004a,4.555639096,136664.5352,56.698213,5/1/2018,61.2538521,26,-14.69560999,14.69560999,-2008.368708,2008.368708,10,0.34096083,4/1/2018,1.52516E+12,1.52257E+12,0,0,14.69560999,2008.368708
1_0_9_00000000000000000006,2.076087224,136664.5352,40.4489321,10/1/2011,42.52501932,26,4.529168352,4.529168352,618.9766875,618.9766875,7,0.762938195,9/1/2011,1.31745E+12,1.31486E+12,11.22622391,1534.226673,6.697055563,915.2499855
1_0_9_0000000000000000014e,2.024590686,519541.8246,35.68245569,10/1/2011,37.70704638,32,20.08407186,20.08407186,10434.51534,10434.51534,7,0.496026991,9/1/2011,1.31745E+12,1.31486E+12,26.61500956,13827.61063,6.530937698,3393.095288
1_0_9_0000000000000000006b,1.908895638,196514.873,57.00084198,10/1/2011,58.90973761,33,-2.199239923,2.199239923,-432.1833542,432.1833542,7,0.478136343,9/1/2011,1.31745E+12,1.31486E+12,3.95848794,777.901755,6.157727863,1210.085109
1_0_90_0000000000000000015e,5.659379183,1598321.281,81.38279937,7/1/2018,87.04217855,17,14.63699123,14.63699123,23394.61457,23394.61457,16,0.923834273,6/1/2018,1.53043E+12,1.52784E+12,32.89305311,52573.66678,18.25606188,29179.05221
1_0_90_00000000000000000021,9.895600212,136664.5352,73.23093934,7/1/2018,83.12653955,26,38.74602968,38.74602968,5295.208135,5295.208135,10,0.676247708,6/1/2018,1.53043E+12,1.52784E+12,70.66732068,9657.716533,31.92129101,4362.508398
1_0_90_0000000000000000013b,0.726760373,156204.2239,85.88218257,7/1/2018,86.60894294,30,1.562087958,1.562087958,244.0047372,244.0047372,11,0.777180963,6/1/2018,1.53043E+12,1.52784E+12,3.906476258,610.208092,2.3443883,366.2033548
1_0_91_00000000000000000197,5.309600425,300881.6084,92.44238005,8/1/2018,97.75198047,6,89.25618989,89.25618989,26855.54597,26855.54597,21,0.763958181,7/1/2018,1.53311E+12,1.53043E+12,106.3839332,32008.96893,17.12774331,5153.422954
1_0_91_000000000000000000c4,8.471315938,1653213.936,97.50120563,8/1/2018,105.9725216,12,1.501377023,1.501377023,2482.097417,2482.097417,31,0.751507161,7/1/2018,1.53311E+12,1.53043E+12,28.82820263,47659.18633,27.32682561,45177.08891
1_0_91_000000000000000000a9,2.774413318,1017574.306,95.61027245,8/1/2018,98.38468577,15,95.58582957,95.58582957,97265.68421,97265.68421,6,0.941315388,7/1/2018,1.53311E+12,1.53043E+12,104.5355499,106372.6897,8.949720381,9107.005508
1_0_91_00000000000000000022,22.33090265,136664.5352,71.03225118,8/1/2018,93.36315383,26,40.70348444,40.70348444,5562.722781,5562.722781,10,0.930325014,7/1/2018,1.53311E+12,1.53043E+12,112.7386543,15407.37578,72.03516983,9844.653001
1_0_91_00000000000000000148,12.56581924,469668.1047,62.03808442,8/1/2018,74.60390365,32,-38.69421384,38.69421384,-18173.43808,18173.43808,2,0.60492551,7/1/2018,1.53311E+12,1.53043E+12,1.840686917,864.5119358,40.53490076,19037.95002
1_0_91_00000000000000000003,16.38241639,1432134.444,97.34417605,8/1/2018,113.7265924,43,-18.92771004,18.92771004,-27107.02549,27107.02549,31,0.97120173,7/1/2018,1.53311E+12,1.53043E+12,33.91879445,48576.27383,52.84650448,75683.29931
1_0_92_000000000000000000e0,21.19754852,1049257.09,60.11428233,9/1/2018,81.31183085,1,-35.44877952,35.44877952,-37194.88324,37194.88324,25,0.737740579,8/1/2018,1.53579E+12,1.53311E+12,32.93040927,34552.4654,68.37918879,71747.34864
1_0_92_00000000000000000170,3.063988864,447248.556,68.10151937,9/1/2018,71.16550823,9,67.71388421,67.71388421,30284.93693,30284.93693,4,0.829939997,8/1/2018,1.53579E+12,1.53311E+12,77.59771926,34705.46788,9.883835046,4420.530952
1_0_92_000000000000000000c5,11.12310395,1653213.936,66.61281793,9/1/2018,77.73592189,12,-24.16599779,24.16599779,-39951.56431,39951.56431,31,0.718641677,8/1/2018,1.53579E+12,1.53311E+12,11.71498271,19367.37268,35.8809805,59318.93699
1_0_92_000000000000000000aa,8.906694316,1017574.306,69.85923641,9/1/2018,78.76593072,15,34.40988603,34.40988603,35014.6159,35014.6159,6,0.563541005,8/1/2018,1.53579E+12,1.53311E+12,63.14115801,64250.82006,28.73127199,29236.20416
1_0_92_0000000000000000008e,4.533077262,276122.1952,88.06755514,9/1/2018,92.60063241,16,103.8304703,103.8304703,28669.89738,28669.89738,6,0.890985907,8/1/2018,1.53579E+12,1.53311E+12,118.4533001,32707.58527,14.62282988,4037.687886
1_0_92_0000000000000000015f,23.17113619,1598321.281,64.46340169,9/1/2018,87.63453788,17,-23.29710931,23.29710931,-37236.2656,37236.2656,16,0.621855253,8/1/2018,1.53579E+12,1.53311E+12,51.44849129,82231.21851,74.7456006,119467.4841
1_0_92_00000000000000000023,18.06638892,136664.5352,58.96677263,9/1/2018,77.03316156,26,26.57030636,26.57030636,3631.218568,3631.218568,10,0.371506957,8/1/2018,1.53579E+12,1.53311E+12,84.8489803,11595.84645,58.27867394,7964.627885
1_0_92_0000000000000000013c,4.560104154,156204.2239,82.26150908,9/1/2018,86.82161324,30,52.6985124,52.6985124,8231.730229,8231.730229,11,0.345661763,8/1/2018,1.53579E+12,1.53311E+12,67.4085258,10529.49646,14.7100134,2297.766227
1_0_92_000000000000000000f0,10.62325473,1745256.574,64.94193673,9/1/2018,75.56519146,31,2.670088222,2.670088222,4659.989023,4659.989023,9,0.838883021,8/1/2018,1.53579E+12,1.53311E+12,36.93865187,64467.42501,34.26856364,59807.43598
1_0_93_00000000000000000024,4.170175027,136664.5352,32.96458406,10/1/2018,37.13475908,26,33.70738044,33.70738044,4606.60348,4606.60348,10,0.940428703,9/1/2018,1.53838E+12,1.53579E+12,47.15955795,6445.039066,13.45217751,1838.435586
1_0_93_0000000000000000013d,5.605160381,156204.2239,45.53874052,10/1/2018,51.1439009,30,-4.527240864,4.527240864,-707.1741455,707.1741455,11,0.731170254,9/1/2018,1.53838E+12,1.53579E+12,13.55392166,2117.179813,18.08116252,2824.353958
1_0_93_000000000000000001a5,1.523592871,198451.8649,46.17028324,10/1/2018,47.69387611,33,4.186296408,4.186296408,830.7783295,830.7783295,6,0.673366497,9/1/2018,1.53838E+12,1.53579E+12,9.10111212,1806.132673,4.914815712,975.3543438
1_0_94_000000000000000000f1,2.032702443,1745256.574,21.8037002,11/1/2018,23.83640264,31,5.487405353,5.487405353,9576.930268,9576.930268,9,0.755064803,10/1/2018,1.54106E+12,1.53838E+12,12.04451001,21020.76027,6.557104654,11443.83
1_0_95_0000000000000000004b,1.758982839,136664.5352,11.82261984,12/1/2018,13.58160268,26,-5.67413819,5.67413819,-775.4534582,775.4534582,10,0.389844849,11/1/2018,1.54365E+12,1.54106E+12,0,0,5.67413819,775.4534582
1_0_95_0000000000000000013e,1.046698093,156204.2239,13.34723653,12/1/2018,14.39393463,30,-2.726981666,2.726981666,-425.9660548,425.9660548,11,0.714854037,11/1/2018,1.54365E+12,1.54106E+12,0.649463795,101.448988,3.376445461,527.4150428
1_0_99_00000000000000000025,2.194581999,136664.5352,35.90505727,4/1/2019,38.09963927,26,-4.110011787,4.110011787,-561.6928504,561.6928504,12,0.352066633,3/1/2019,1.5541E+12,1.55143E+12,2.969284983,405.795952,7.07929677,967.4888024
1_0_99_0000000000000000010e,1.757264694,154262.6181,36.2515514,4/1/2019,38.00881609,30,-1.497010292,1.497010292,-230.9327269,230.9327269,11,0.4977017,3/1/2019,1.5541E+12,1.55143E+12,4.171585494,643.5197,5.668595786,874.4524269
1_1_147_000000000000000000f6,13.5591081,223658.3519,36.83680312,4/1/2023,50.39591122,39,-43.7390584,43.7390584,-9782.605717,9782.605717,7,0.314294327,3/1/2023,1.68033E+12,1.67766E+12,0,0,43.7390584,9782.605717
1_1_149_000000000000000000f2,10.0599562,223658.3519,98.46901388,6/1/2023,108.5289701,39,18.61760183,18.61760183,4163.982142,4163.982142,7,0.881281137,5/1/2023,1.6856E+12,1.68292E+12,51.06907344,11422.0248,32.45147161,7258.042658
1_1_153_000000000000000000f3,4.088276778,223658.3519,41.90736943,10/1/2023,45.99564621,39,23.37658457,23.37658457,5228.368379,5228.368379,7,0.781259919,9/1/2023,1.69614E+12,1.69355E+12,36.56457418,8177.9724,13.18798961,2949.604021
1_1_154_000000000000000000f7,3.518031055,223658.3519,27.45516788,11/1/2023,30.97319893,39,-11.34848727,11.34848727,-2538.183961,2538.183961,7,0.928059525,10/1/2023,1.69882E+12,1.69614E+12,0,0,11.34848727,2538.183961
