,number,value,datetime_start,datetime_complete,duration,params_precip_const_1,params_precip_const_10,params_precip_const_11,params_precip_const_12,params_precip_const_2,params_precip_const_3,params_precip_const_4,params_precip_const_5,params_precip_const_6,params_precip_const_7,params_precip_const_8,params_precip_const_9,params_residual_const,state
290,290,25.76072074,16:10.6,16:34.8,0 days 00:00:24.226886,0.71,0.07,0.54,0,0.35,0.64,0.98,0.39,0.49,0.56,0.27,0.12,0.22,COMPLETE
259,259,25.8006668,59:58.5,00:21.4,0 days 00:00:22.886764,0.75,0,0.55,0.02,0.4,0.62,0.97,0.4,0.42,0.5,0.25,0.13,0.27,COMPLETE
293,293,25.80748236,17:21.8,17:44.5,0 days 00:00:22.702658,0.68,0.05,0.53,0.05,0.33,0.62,0.97,0.39,0.5,0.58,0.24,0.12,0.22,COMPLETE
263,263,25.80809619,01:27.1,01:49.6,0 days 00:00:22.529921,0.73,0,0.55,0.02,0.39,0.62,0.97,0.4,0.45,0.49,0.25,0.13,0.27,COMPLETE
264,264,25.8092842,01:49.6,02:10.8,0 days 00:00:21.213269,0.76,0.05,0.54,0.02,0.39,0.62,0.97,0.4,0.45,0.5,0.25,0.13,0.27,COMPLETE
258,258,25.81314463,59:37.3,59:58.5,0 days 00:00:21.191425,0.74,0,0.55,0.01,0.4,0.65,0.97,0.4,0.42,0.5,0.24,0.13,0.27,COMPLETE
262,262,25.81867697,01:03.4,01:27.1,0 days 00:00:23.710948,0.76,0,0.55,0,0.4,0.62,0.97,0.4,0.45,0.5,0.24,0.13,0.27,COMPLETE
257,257,25.82156758,59:10.9,59:37.3,0 days 00:00:26.415437,0.77,0,0.55,0.02,0.4,0.63,0.95,0.4,0.42,0.49,0.23,0.13,0.27,COMPLETE
256,256,25.83092601,58:47.2,59:10.9,0 days 00:00:23.625986,0.77,0,0.42,0.02,0.4,0.63,0.94,0.4,0.42,0.46,0.23,0.13,0.27,COMPLETE
298,298,25.83096931,19:25.6,19:46.5,0 days 00:00:20.918502,0.68,0.08,0.53,0.05,0.26,0.56,0.98,0.42,0.49,0.64,0.23,0.12,0.22,COMPLETE
261,261,25.84643842,00:42.4,01:03.4,0 days 00:00:20.974197,0.76,0,0.55,0.02,0.39,0.62,0.97,0.41,0.45,0.5,0.24,0.13,0.28,COMPLETE
280,280,25.84999744,11:34.2,12:01.9,0 days 00:00:27.739825,0.72,0.02,0.59,0.04,0.4,0.58,0.98,0.4,0.44,0.45,0.24,0.11,0.25,COMPLETE
291,291,25.8540457,16:34.8,16:58.3,0 days 00:00:23.547207,0.69,0.05,0.53,0,0.31,0.66,0.98,0.39,0.54,0.56,0.27,0.12,0.22,COMPLETE
250,250,25.85411636,56:14.5,56:39.5,0 days 00:00:24.988472,0.81,0,0.53,0.01,0.43,0.67,0.94,0.33,0.39,0.46,0.24,0.14,0.28,COMPLETE
295,295,25.85977508,18:10.6,18:33.4,0 days 00:00:22.781875,0.77,0.07,0.53,0.04,0.34,0.55,0.98,0.42,0.51,0.62,0.23,0.12,0.22,COMPLETE
285,285,25.86883658,14:02.7,14:25.3,0 days 00:00:22.641640,0.7,0.02,0.59,0.05,0.37,0.63,1,0.4,0.43,0.48,0.26,0.1,0.23,COMPLETE
249,249,25.87889714,55:51.0,56:14.5,0 days 00:00:23.487503,0.81,0,0.54,0.01,0.43,0.71,0.9,0.37,0.39,0.49,0.21,0.14,0.28,COMPLETE
296,296,25.88698219,18:33.4,18:54.3,0 days 00:00:20.936903,0.68,0.07,0.53,0.04,0.3,0.56,0.98,0.42,0.52,0.63,0.23,0.12,0.22,COMPLETE
208,208,25.88874837,38:34.9,39:00.3,0 days 00:00:25.375292,0.84,0.01,0.46,0.13,0.4,0.82,0.89,0.38,0.38,0.45,0.22,0.14,0.24,COMPLETE
239,239,25.90088437,52:05.7,52:26.9,0 days 00:00:21.190845,0.84,0,0.51,0.08,0.43,0.7,0.9,0.36,0.4,0.48,0.21,0.14,0.3,COMPLETE
297,297,25.90205187,18:54.3,19:25.6,0 days 00:00:31.254573,0.68,0.08,0.53,0.04,0.29,0.61,0.98,0.42,0.53,0.62,0.23,0.12,0.22,COMPLETE
299,299,25.91561843,19:46.5,20:09.4,0 days 00:00:22.938803,0.67,0.08,0.53,0.36,0.25,0.57,0.98,0.45,0.53,0.64,0.23,0.12,0.22,COMPLETE
270,270,25.92598394,05:33.1,05:58.4,0 days 00:00:25.267196,0.74,0,0.55,0.02,0.39,0.64,1,0.41,0.46,0.5,0.26,0.1,0.26,COMPLETE
212,212,25.92777873,40:34.0,40:56.3,0 days 00:00:22.268982,0.83,0.02,0.46,0.12,0.41,0.8,0.88,0.37,0.38,0.46,0.21,0.15,0.27,COMPLETE
288,288,25.9281741,15:21.5,15:44.0,0 days 00:00:22.560831,0.72,0.05,0.55,0.05,0.35,0.59,0.98,0.39,0.5,0.5,0.25,0.11,0.28,COMPLETE
267,267,25.92902022,03:32.6,04:10.9,0 days 00:00:38.329226,0.73,0,0.55,0,0.39,0.59,0.98,0.4,0.45,0.49,0.26,0.1,0.27,COMPLETE
211,211,25.92994169,40:04.8,40:34.0,0 days 00:00:29.231863,0.84,0.03,0.46,0.12,0.4,0.75,0.86,0.37,0.38,0.46,0.21,0.14,0.24,COMPLETE
271,271,25.93470973,05:58.4,06:40.1,0 days 00:00:41.720310,0.75,0,0.55,0.03,0.38,0.64,1,0.42,0.45,0.46,0.26,0.1,0.26,COMPLETE
209,209,25.93546533,39:00.3,39:30.3,0 days 00:00:30.013031,0.84,0.02,0.46,0.12,0.42,0.78,0.86,0.38,0.38,0.47,0.21,0.14,0.23,COMPLETE
215,215,25.93550133,41:43.5,42:10.6,0 days 00:00:27.056903,0.83,0,0.51,0.09,0.39,0.75,0.89,0.37,0.37,0.49,0.21,0.15,0.27,COMPLETE
265,265,25.94102009,02:10.8,02:36.6,0 days 00:00:25.758686,0.73,0.04,0.55,0.01,0.39,0.62,0.97,0.4,0.45,0.5,0.25,0.1,0.27,COMPLETE
292,292,25.94729365,16:58.3,17:21.8,0 days 00:00:23.497948,0.71,0.07,0.53,0,0.32,0.67,0.94,0.39,0.54,0.55,0.23,0.11,0.22,COMPLETE
268,268,25.94757704,04:10.9,04:57.9,0 days 00:00:46.981810,0.72,0,0.56,0.02,0.39,0.59,0.98,0.4,0.48,0.49,0.26,0.1,0.27,COMPLETE
272,272,25.94776693,06:40.1,07:35.9,0 days 00:00:55.842466,0.75,0,0.56,0.02,0.38,0.64,1,0.43,0.46,0.46,0.26,0.1,0.26,COMPLETE
282,282,25.94778225,12:30.6,13:02.2,0 days 00:00:31.564829,0.74,0.04,0.59,0.02,0.38,0.58,0.96,0.44,0.46,0.48,0.24,0.1,0.26,COMPLETE
207,207,25.94969768,38:10.6,38:34.9,0 days 00:00:24.358031,0.84,0.03,0.46,0.13,0.5,0.9,0.85,0.37,0.38,0.45,0.22,0.15,0.24,COMPLETE
210,210,25.95379657,39:30.3,40:04.8,0 days 00:00:34.455978,0.84,0.03,0.46,0.14,0.4,0.77,0.86,0.37,0.37,0.46,0.21,0.14,0.24,COMPLETE
289,289,25.9555085,15:44.0,16:10.6,0 days 00:00:26.525519,0.77,0.02,0.55,0.05,0.34,0.6,1,0.4,0.51,0.51,0.26,0.11,0.28,COMPLETE
182,182,25.956486,15:42.2,16:06.0,0 days 00:00:23.791324,0.83,0.14,0.2,0.18,0.49,0.89,0.81,0.42,0.41,0.4,0.2,0.12,0.25,COMPLETE
260,260,25.96074964,00:21.4,00:42.4,0 days 00:00:21.022021,0.75,0,0.55,0.03,0.39,0.64,0.97,0.4,0.45,0.5,0.25,0.17,0.27,COMPLETE
232,232,25.96077416,49:13.6,49:41.4,0 days 00:00:27.778011,0.8,0.06,0.45,0.07,0.4,0.79,0.88,0.37,0.39,0.5,0.22,0.15,0.31,COMPLETE
252,252,25.96145021,57:04.7,57:27.6,0 days 00:00:22.861069,0.82,0.02,0.54,0.01,0.4,0.72,0.95,0.37,0.39,0.52,0.24,0.14,0.32,COMPLETE
183,183,25.964277,16:06.0,16:36.3,0 days 00:00:30.385012,0.82,0.13,0.47,0.17,0.46,0.89,0.81,0.35,0.42,0.44,0.2,0.12,0.24,COMPLETE
253,253,25.96460785,57:27.6,57:54.0,0 days 00:00:26.378773,0.81,0.03,0.55,0.01,0.43,0.72,0.95,0.37,0.39,0.52,0.24,0.13,0.32,COMPLETE
205,205,25.96547411,37:27.2,37:47.4,0 days 00:00:20.125784,0.84,0.02,0.48,0.22,0.43,0.82,0.88,0.37,0.38,0.44,0.19,0.14,0.28,COMPLETE
231,231,25.97764239,48:44.9,49:13.6,0 days 00:00:28.713837,0.81,0.06,0.45,0.08,0.42,0.78,0.88,0.37,0.39,0.51,0.21,0.14,0.32,COMPLETE
240,240,25.97943854,52:26.9,52:47.9,0 days 00:00:20.927319,0.84,0,0.51,0.08,0.43,0.72,0.89,0.36,0.37,0.49,0.2,0.14,0.31,COMPLETE
281,281,25.9795154,12:01.9,12:30.6,0 days 00:00:28.692812,0.72,0.02,0.56,0.04,0.4,0.66,0.98,0.4,0.44,0.45,0.26,0.1,0.28,COMPLETE
277,277,25.98566138,09:56.1,10:32.2,0 days 00:00:36.158395,0.74,0.02,0.54,0,0.39,0.63,0.97,0.43,0.44,0.45,0.24,0.1,0.27,COMPLETE
241,241,25.98784298,52:47.9,53:07.9,0 days 00:00:20.079953,0.84,0,0.51,0.08,0.43,0.71,0.9,0.36,0.37,0.48,0.21,0.15,0.31,COMPLETE
225,225,25.98811538,46:06.8,46:33.7,0 days 00:00:26.881705,0.84,0,0.48,0.09,0.41,0.77,0.9,0.33,0.37,0.54,0.21,0.15,0.31,COMPLETE
221,221,25.99255382,44:23.8,44:52.3,0 days 00:00:28.467249,0.84,0.03,0.48,0.11,0.41,0.76,0.9,0.34,0.36,0.54,0.21,0.15,0.3,COMPLETE
123,123,25.99346812,49:36.7,49:57.8,0 days 00:00:21.104969,0.81,0.56,0.44,0.8,0.51,0.91,0.89,0.49,0.41,0.34,0.29,0.12,0.19,COMPLETE
223,223,25.99504081,45:17.5,45:41.5,0 days 00:00:24.056133,0.84,0.02,0.48,0.1,0.41,0.78,0.9,0.34,0.36,0.53,0.21,0.15,0.3,COMPLETE
242,242,26.00036976,53:07.9,53:29.6,0 days 00:00:21.630488,0.84,0.01,0.51,0.08,0.43,0.69,0.9,0.35,0.37,0.47,0.2,0.15,0.31,COMPLETE
274,274,26.00847967,08:13.8,08:51.7,0 days 00:00:37.975022,0.71,0.02,0.58,0.02,0.34,0.62,0.99,0.41,0.45,0.47,0.26,0.09,0.26,COMPLETE
247,247,26.00946392,55:03.6,55:29.7,0 days 00:00:26.079741,0.88,0.04,0.51,0.05,0.35,0.71,0.85,0.38,0.35,0.46,0.21,0.14,0.31,COMPLETE
217,217,26.01365503,42:34.2,43:00.8,0 days 00:00:26.601647,0.84,0.03,0.51,0.09,0.37,0.76,0.89,0.38,0.35,0.51,0.21,0.14,0.31,COMPLETE
244,244,26.01821544,53:53.4,54:14.2,0 days 00:00:20.840288,0.86,0,0.51,0.04,0.38,0.7,0.9,0.35,0.35,0.48,0.2,0.15,0.3,COMPLETE
203,203,26.01963551,36:32.3,36:57.9,0 days 00:00:25.572883,0.79,0.06,0.47,0.17,0.41,0.9,0.85,0.35,0.37,0.4,0.21,0.14,0.24,COMPLETE
218,218,26.02157405,43:00.8,43:29.6,0 days 00:00:28.834999,0.85,0.03,0.51,0.09,0.36,0.77,0.89,0.38,0.35,0.49,0.21,0.15,0.3,COMPLETE
222,222,26.02988094,44:52.3,45:17.5,0 days 00:00:25.159798,0.84,0.03,0.48,0.11,0.35,0.76,0.87,0.35,0.35,0.54,0.21,0.15,0.31,COMPLETE
124,124,26.03098633,49:57.8,50:19.5,0 days 00:00:21.738924,0.92,0.47,0.45,0.75,0.52,0.91,0.88,0.48,0.41,0.33,0.28,0.11,0.23,COMPLETE
224,224,26.03331408,45:41.5,46:06.8,0 days 00:00:25.301525,0.84,0,0.49,0.09,0.42,0.68,0.9,0.34,0.37,0.51,0.22,0.15,0.34,COMPLETE
230,230,26.04326158,48:10.7,48:44.9,0 days 00:00:34.152735,0.81,0.06,0.45,0.08,0.41,0.79,0.88,0.37,0.38,0.5,0.21,0.14,0.33,COMPLETE
269,269,26.04641712,04:57.9,05:33.1,0 days 00:00:35.216148,0.73,0,0.56,0,0.39,0.58,0.98,0.4,0.49,0.49,0.26,0.09,0.27,COMPLETE
245,245,26.05139222,54:14.3,54:36.2,0 days 00:00:21.948044,0.86,0.01,0.5,0.05,0.33,0.69,0.9,0.31,0.34,0.48,0.2,0.15,0.3,COMPLETE
266,266,26.05403104,02:36.6,03:32.6,0 days 00:00:56.000961,0.74,0.05,0.55,0.02,0.39,0.62,0.97,0.43,0.46,0.5,0.25,0.09,0.27,COMPLETE
175,175,26.05865899,12:43.7,13:06.7,0 days 00:00:23.005477,0.98,0.09,0.15,0.11,0.45,0.93,0.81,0.39,0.39,0.43,0.23,0.11,0.21,COMPLETE
176,176,26.06098124,13:06.7,13:31.4,0 days 00:00:24.654343,0.98,0.08,0.29,0.09,0.45,0.94,0.81,0.38,0.38,0.44,0.19,0.11,0.24,COMPLETE
254,254,26.06369284,57:54.0,58:19.0,0 days 00:00:25.032580,0.81,0.02,0.53,0,0.43,0.73,0.95,0.33,0.4,0.58,0.25,0.17,0.32,COMPLETE
287,287,26.06432437,14:50.3,15:21.5,0 days 00:00:31.214394,0.75,0,0.59,0.03,0.39,0.63,0.96,0.41,0.43,0.82,0.27,0.1,0.23,COMPLETE
181,181,26.07394321,15:18.9,15:42.2,0 days 00:00:23.236733,0.82,0.13,0.25,0.18,0.47,0.9,0.78,0.35,0.43,0.39,0.2,0.11,0.24,COMPLETE
143,143,26.08088777,57:12.7,57:36.6,0 days 00:00:23.952214,0.93,0.29,0.35,0.71,0.5,0.97,0.71,0.5,0.43,0.35,0.31,0.15,0.21,COMPLETE
279,279,26.08583602,10:59.2,11:34.2,0 days 00:00:34.977762,0.77,0,0.54,0.02,0.33,0.65,1,0.42,0.51,0.47,0.23,0.1,0.28,COMPLETE
228,228,26.08652044,47:22.9,47:46.4,0 days 00:00:23.528189,0.84,0.03,0.46,0.11,0.38,0.78,0.91,0.34,0.36,0.57,0.24,0.15,0.34,COMPLETE
194,194,26.09774477,21:35.4,21:59.3,0 days 00:00:23.899348,0.96,0.1,0.56,0.21,0.47,0.9,0.81,0.39,0.33,0.4,0.2,0.13,0.25,COMPLETE
198,198,26.10339407,23:34.7,24:10.0,0 days 00:00:35.292994,0.99,0.02,0.63,0.16,0.52,0.82,0.86,0.41,0.32,0.45,0.19,0.12,0.24,COMPLETE
219,219,26.11047799,43:29.6,44:02.2,0 days 00:00:32.598770,0.87,0.04,0.52,0.06,0.36,0.75,0.87,0.35,0.35,0.51,0.16,0.15,0.31,COMPLETE
125,125,26.11167429,50:19.5,50:42.0,0 days 00:00:22.519746,0.9,0.47,0.43,0.72,0.54,0.91,0.88,0.49,0.4,0.33,0.28,0.16,0.18,COMPLETE
214,214,26.11744889,41:20.2,41:43.5,0 days 00:00:23.395290,0.84,0.02,0.51,0.09,0.39,0.78,0.89,0.38,0.38,0.48,0.22,0.18,0.27,COMPLETE
233,233,26.1180396,49:41.4,50:06.7,0 days 00:00:25.338454,0.8,0.06,0.46,0.07,0.41,0.79,0.88,0.37,0.39,0.51,0.23,0.15,0.34,COMPLETE
220,220,26.11892272,44:02.2,44:23.8,0 days 00:00:21.647013,0.87,0.04,0.52,0.06,0.37,0.72,0.86,0.31,0.35,0.5,0.16,0.15,0.32,COMPLETE
184,184,26.12548368,16:36.3,17:06.4,0 days 00:00:30.077021,0.82,0.14,0.58,0.14,0.47,0.88,0.82,0.4,0.32,0.43,0.19,0.12,0.25,COMPLETE
213,213,26.12663944,40:56.3,41:20.2,0 days 00:00:23.847459,0.83,0.02,0.47,0.09,0.39,0.76,0.89,0.37,0.38,0.48,0.22,0.18,0.24,COMPLETE
248,248,26.12682445,55:29.7,55:51.0,0 days 00:00:21.324617,0.88,0.04,0.51,0.05,0.37,0.7,0.85,0.38,0.37,0.46,0.18,0.17,0.29,COMPLETE
174,174,26.12753106,12:15.6,12:43.7,0 days 00:00:28.061178,0.98,0.09,0.16,0.14,0.46,0.86,0.78,0.45,0.37,0.41,0.23,0.11,0.2,COMPLETE
191,191,26.12973369,19:51.5,20:22.8,0 days 00:00:31.293152,0.86,0.15,0.46,0.18,0.46,0.89,0.81,0.41,0.41,0.4,0.1,0.12,0.24,COMPLETE
185,185,26.13554451,17:06.4,17:28.1,0 days 00:00:21.681524,0.82,0.19,0.57,0.16,0.46,0.85,0.82,0.33,0.32,0.44,0.19,0.12,0.29,COMPLETE
243,243,26.13639155,53:29.6,53:53.4,0 days 00:00:23.836223,0.83,0.03,0.52,0.13,0.43,0.71,0.93,0.36,0.41,0.47,0.17,0.17,0.31,COMPLETE
216,216,26.14109585,42:10.6,42:34.2,0 days 00:00:23.544420,0.79,0,0.49,0.12,0.4,0.74,0.88,0.37,0.38,0.46,0.21,0.18,0.27,COMPLETE
197,197,26.15255301,22:58.9,23:34.7,0 days 00:00:35.773732,0.98,0.15,0.62,0.17,0.52,0.86,0.86,0.41,0.31,0.4,0.19,0.13,0.24,COMPLETE
251,251,26.15347399,56:39.5,57:04.7,0 days 00:00:25.217222,0.81,0,0.53,0,0.43,0.66,0.92,0.32,0.4,0.46,0.25,0.19,0.28,COMPLETE
130,130,26.16002585,52:14.1,52:36.6,0 days 00:00:22.501755,0.85,0.44,0.44,0.76,0.58,0.92,0.83,0.58,0.41,0.34,0.28,0.11,0.18,COMPLETE
121,121,26.16841554,48:51.6,49:12.9,0 days 00:00:21.380528,0.81,0.56,0.44,0.73,0.32,0.96,0.89,0.55,0.43,0.33,0.28,0.1,0.19,COMPLETE
283,283,26.16852429,13:02.2,13:33.8,0 days 00:00:31.638092,0.69,0.04,0.58,0.02,0.38,0.58,0.96,0.44,0.46,0.49,0.24,0.08,0.26,COMPLETE
229,229,26.16870244,47:46.4,48:10.7,0 days 00:00:24.256548,0.85,0,0.48,0.11,0.35,0.74,0.9,0.36,0.36,0.53,0.17,0.17,0.3,COMPLETE
238,238,26.17399621,51:44.0,52:05.7,0 days 00:00:21.742902,0.86,0.06,0.45,0.12,0.38,0.8,0.87,0.32,0.35,0.49,0.18,0.17,0.28,COMPLETE
163,163,26.17650016,07:05.0,07:30.0,0 days 00:00:25.040369,0.99,0.11,0.14,0.76,0.5,0.88,0.8,0.42,0.31,0.37,0.29,0.16,0.26,COMPLETE
187,187,26.17863079,17:51.7,18:19.6,0 days 00:00:27.883317,1,0.13,0.58,0.19,0.43,0.86,0.81,0.35,0.33,0.43,0.14,0.13,0.29,COMPLETE
161,161,26.18149752,06:04.4,06:30.2,0 days 00:00:25.746451,0.97,0.08,0.15,0.74,0.59,0.88,0.77,0.46,0.36,0.37,0.27,0.16,0.2,COMPLETE
204,204,26.18157577,36:57.9,37:27.2,0 days 00:00:29.364719,0.79,0.06,0.66,0.17,0.41,0.9,0.86,0.35,0.32,0.4,0.21,0.11,0.25,COMPLETE
195,195,26.18397252,21:59.3,22:27.3,0 days 00:00:27.985538,0.96,0.1,0.57,0.21,0.48,0.89,0.82,0.39,0.31,0.41,0.17,0.14,0.26,COMPLETE
132,132,26.19442508,53:00.3,53:24.4,0 days 00:00:24.036832,0.82,0.44,0.54,0.77,0.67,0.95,0.84,0.54,0.41,0.33,0.29,0.1,0.19,COMPLETE
172,172,26.19500877,11:19.4,11:42.7,0 days 00:00:23.289469,0.92,0.13,0.15,0.75,0.45,0.91,0.78,0.5,0.4,0.34,0.32,0.11,0.16,COMPLETE
201,201,26.19821246,35:46.7,36:08.9,0 days 00:00:22.238716,0.98,0.03,0.63,0.18,0.47,0.85,0.83,0.32,0.35,0.39,0.2,0.13,0.23,COMPLETE
141,141,26.20337671,56:25.3,56:49.6,0 days 00:00:24.310796,0.82,0.36,0.34,0.71,0.5,0.97,0.79,0.6,0.42,0.34,0.3,0.16,0.18,COMPLETE
133,133,26.20600068,53:24.4,53:45.6,0 days 00:00:21.220395,0.83,0.45,0.5,0.77,0.74,0.95,0.83,0.52,0.36,0.34,0.29,0.11,0.18,COMPLETE
144,144,26.20765392,57:36.6,58:01.9,0 days 00:00:25.272647,0.93,0.26,0.29,0.71,0.49,0.97,0.73,0.5,0.43,0.3,0.31,0.16,0.2,COMPLETE
157,157,26.21132336,04:05.5,04:30.0,0 days 00:00:24.521020,0.71,0.16,0.22,0.79,0.75,0.93,0.78,0.46,0.4,0.39,0.23,0.16,0.16,COMPLETE
236,236,26.21250277,51:00.8,51:22.7,0 days 00:00:21.940783,0.81,0.05,0.5,0.1,0.42,0.73,0.93,0.34,0.37,0.55,0.22,0.14,0.36,COMPLETE
154,154,26.21930027,02:29.5,03:07.1,0 days 00:00:37.638529,0.88,0.29,0.23,0.75,0.5,0.91,0.67,0.49,0.47,0.35,0.27,0.1,0.19,COMPLETE
273,273,26.22154925,07:35.9,08:13.8,0 days 00:00:37.806814,0.76,0,0.6,0.03,0.37,0.6,1,0.43,0.49,0.46,0.26,0.08,0.27,COMPLETE
151,151,26.22664935,01:04.5,01:32.9,0 days 00:00:28.420976,0.8,0.27,0.25,0.75,0.47,0.98,0.77,0.53,0.43,0.31,0.33,0.1,0.23,COMPLETE
206,206,26.24137224,37:47.4,38:10.6,0 days 00:00:23.219580,0.85,0.01,0.48,0.26,0.46,0.8,0.88,0.39,0.44,0.49,0.19,0.08,0.22,COMPLETE
167,167,26.24594043,09:00.4,09:36.2,0 days 00:00:35.810679,0.97,0.06,0.17,0.15,0.6,0.91,0.72,0.46,0.34,0.32,0.28,0.14,0.21,COMPLETE
226,226,26.25920807,46:33.7,46:57.2,0 days 00:00:23.434092,0.8,0,0.48,0.09,0.4,0.77,0.89,0.33,0.37,0.54,0.22,0.19,0.31,COMPLETE
160,160,26.25978069,05:31.1,06:04.4,0 days 00:00:33.383945,0.92,0.11,0.16,0.74,0.6,0.88,0.78,0.51,0.36,0.37,0.28,0.17,0.19,COMPLETE
199,199,26.26206039,24:10.0,24:47.0,0 days 00:00:37.028656,1,0.16,0.61,0.16,0.52,0.86,0.86,0.41,0.32,0.45,0.09,0.12,0.25,COMPLETE
111,111,26.26907543,44:25.0,44:48.4,0 days 00:00:23.483246,0.66,0.52,0.98,0.76,0.37,0.98,0.92,0.6,0.47,0.23,0.42,0.13,0.17,COMPLETE
113,113,26.27296743,45:11.6,45:32.4,0 days 00:00:20.846073,0.69,0.54,0.39,0.72,0.29,0.98,0.93,0.66,0.45,0.28,0.41,0.15,0.14,COMPLETE
142,142,26.27318958,56:49.6,57:12.7,0 days 00:00:23.029332,0.84,0.34,0.35,0.71,0.67,0.96,0.79,0.51,0.43,0.34,0.31,0.11,0.12,COMPLETE
178,178,26.27609395,13:58.8,14:24.4,0 days 00:00:25.621527,0.95,0.04,0,0.07,0.44,0.83,0.84,0.37,0.37,0.41,0.17,0.11,0.2,COMPLETE
189,189,26.27835906,19:04.3,19:28.6,0 days 00:00:24.300485,0.97,0.13,0.62,0.14,0.48,0.89,0.82,0.39,0.27,0.46,0.19,0.13,0.28,COMPLETE
278,278,26.28498931,10:32.2,10:59.2,0 days 00:00:26.959596,0.74,0.04,0.57,0.04,0.36,0.56,0.96,0.4,0.48,0.49,0.26,0.07,0.26,COMPLETE
196,196,26.28560796,22:27.3,22:58.9,0 days 00:00:31.659662,0.96,0.1,0.58,0.21,0.48,0.87,0.81,0.39,0.29,0.42,0.15,0.14,0.27,COMPLETE
136,136,26.28603965,54:32.8,55:01.1,0 days 00:00:28.312095,0.78,0.43,0.49,0.68,0.78,0.93,0.75,0.6,0.41,0.39,0.21,0.15,0.12,COMPLETE
168,168,26.2879697,09:36.2,10:01.3,0 days 00:00:25.030450,0.95,0.06,0.22,0.83,0.61,0.91,0.72,0.46,0.33,0.31,0.28,0.14,0.21,COMPLETE
152,152,26.28810254,01:32.9,01:54.7,0 days 00:00:21.811822,0.78,0.27,0.27,0.75,0.47,0.98,0.74,0.53,0.43,0.31,0.33,0.1,0.18,COMPLETE
153,153,26.29291359,01:54.7,02:29.5,0 days 00:00:34.786018,0.81,0.27,0.27,0.74,0.47,0.93,0.78,0.52,0.42,0.31,0.33,0.09,0.22,COMPLETE
112,112,26.29536382,44:48.4,45:11.6,0 days 00:00:23.126302,0.67,0.52,0.39,0.72,0.28,0.98,0.92,0.6,0.5,0.24,0.31,0.13,0.14,COMPLETE
246,246,26.29663243,54:36.2,55:03.6,0 days 00:00:27.426384,0.84,0,0.53,0.02,0.39,0.73,0.92,0.35,0.36,0.48,0.18,0.19,0.28,COMPLETE
93,93,26.30606172,30:43.7,31:31.6,0 days 00:00:47.927181,0.45,0.52,1,0.7,0.11,0.99,0.91,0.24,0.69,0.33,0.36,0.13,0.24,COMPLETE
255,255,26.31693235,58:19.0,58:47.2,0 days 00:00:28.211106,0.82,0.02,0.54,0.01,0.44,0.71,0.94,0.37,0.39,0.52,0.24,0.13,0.36,COMPLETE
186,186,26.319222,17:28.1,17:51.7,0 days 00:00:23.629278,0.82,0.13,0.6,0.16,0.46,0.84,0.81,0.36,0.29,0.44,0.17,0.12,0.25,COMPLETE
92,92,26.33160744,30:00.7,30:43.7,0 days 00:00:43.028001,0.45,0.5,1,0.69,0.06,0.86,0.88,0.25,0.7,0.33,0.36,0.12,0.33,COMPLETE
148,148,26.33556827,59:37.2,00:17.4,0 days 00:00:40.184062,0.92,0.24,0.34,0.9,0.55,0.09,0.71,0.51,0.4,0.35,0.29,0.18,0.21,COMPLETE
134,134,26.34064772,53:45.6,54:06.5,0 days 00:00:20.958773,0.83,0.45,0.53,0.76,0.72,0.95,0.83,0.54,0.38,0.33,0.28,0.11,0.12,COMPLETE
150,150,26.34418332,00:39.9,01:04.5,0 days 00:00:24.610478,0.84,0.3,0.41,0.72,0.82,0.88,0.79,0.56,0.35,0.37,0.24,0.15,0.13,COMPLETE
158,158,26.34883211,04:30.0,05:06.2,0 days 00:00:36.169406,0.71,0.11,0.21,0.79,0.56,0.96,0.68,0.44,0.39,0.34,0.24,0.11,0.17,COMPLETE
173,173,26.35489726,11:42.7,12:15.6,0 days 00:00:32.943375,0.92,0.14,0.11,0.75,0.55,0.91,0.74,0.5,0.41,0.35,0.32,0.09,0.16,COMPLETE
109,109,26.35562231,43:15.1,44:01.9,0 days 00:00:46.817804,0.54,0.55,0.39,0.73,0.41,1,0.91,0.61,0.52,0.23,0.38,0.15,0.17,COMPLETE
98,98,26.36094159,35:40.5,36:23.7,0 days 00:00:43.184587,0.44,0.62,1,0.75,0.34,0.98,0.99,0.42,0.71,0.33,0.36,0.12,0.14,COMPLETE
162,162,26.36281553,06:30.2,07:05.0,0 days 00:00:34.804179,0.97,0.05,0.13,0.74,0.6,0.87,0.77,0.46,0.36,0.38,0.27,0.18,0.19,COMPLETE
193,193,26.37766773,20:54.0,21:35.4,0 days 00:00:41.395909,0.9,0.19,0.47,0.23,0.43,0.83,0.84,0.42,0.38,0.44,0.1,0.09,0.29,COMPLETE
126,126,26.37804148,50:42.0,51:04.8,0 days 00:00:22.716690,0.9,0.51,0.43,0.78,0.58,0.9,0.88,0.49,0.3,0.36,0.25,0.1,0.19,COMPLETE
95,95,26.37983642,32:45.0,33:43.9,0 days 00:00:58.887466,0.44,0.55,0.98,0.73,0.14,1,0.91,0.3,0.73,0.36,0.36,0.13,0.2,COMPLETE
85,85,26.38462206,24:26.5,25:12.2,0 days 00:00:45.706684,0.41,0.49,0.95,0.62,0.06,0.81,0.95,0.24,0.69,0.42,0.6,0.15,0.31,COMPLETE
91,91,26.3851222,29:06.4,30:00.7,0 days 00:00:54.307516,0.46,0.48,1,0.7,0.08,0.92,0.92,0.2,0.7,0.42,0.35,0.17,0.32,COMPLETE
127,127,26.38852552,51:04.8,51:27.0,0 days 00:00:22.247105,0.9,0.52,0.38,0.78,0.54,0.9,0.87,0.49,0.31,0.33,0.25,0.1,0.19,COMPLETE
234,234,26.39860582,50:06.7,50:35.1,0 days 00:00:28.388608,0.76,0.03,0.45,0.04,0.39,0.76,0.89,0.33,0.35,0.54,0.21,0.2,0.32,COMPLETE
165,165,26.40900922,07:57.6,08:28.2,0 days 00:00:30.573816,0.92,0.09,0.15,0.76,0.48,0.84,0.8,0.4,0.29,0.4,0.29,0.17,0.22,COMPLETE
97,97,26.41147955,34:47.1,35:40.5,0 days 00:00:53.466849,0.44,0.61,0.94,0.75,0.18,1,0.98,0.41,0.73,0.31,0.36,0.12,0.15,COMPLETE
103,103,26.43858357,39:57.2,40:36.7,0 days 00:00:39.579168,0.44,0.59,0.97,0.81,0.4,0.94,0.91,0.63,0.62,0.25,0.37,0.13,0.14,COMPLETE
166,166,26.44300197,08:28.2,09:00.4,0 days 00:00:32.275620,0.92,0.18,0.1,0.79,0.57,0.87,0.77,0.43,0.37,0.36,0.26,0.21,0.27,COMPLETE
276,276,26.44394595,09:26.1,09:56.1,0 days 00:00:29.937070,0.76,0,0.56,0.03,0.37,0.6,1,0.41,0.47,0.48,0.26,0.06,0.26,COMPLETE
170,170,26.44408778,10:24.9,10:49.7,0 days 00:00:24.778765,0.99,0.08,0.17,0.19,0.51,0.88,0.76,0.53,0.39,0.35,0.25,0.2,0.23,COMPLETE
62,62,26.45210305,53:46.9,55:02.9,0 days 00:01:15.974793,0.47,0.56,0.77,0.69,0.07,0.85,0.85,0.24,0.82,0.42,0.27,0.14,0.31,COMPLETE
128,128,26.45978298,51:27.0,51:51.2,0 days 00:00:24.216238,0.9,0.56,0.44,0.8,0.61,0.97,0.82,0.45,0.39,0.36,0.22,0.08,0.18,COMPLETE
102,102,26.47264918,39:26.7,39:57.2,0 days 00:00:30.503648,0.49,0.58,0.97,0.76,0.42,0.94,0.91,0.61,0.66,0.25,0.37,0.12,0.16,COMPLETE
100,100,26.47783192,38:22.1,38:57.7,0 days 00:00:35.647843,0.49,0.59,1,0.76,0.35,0.96,1,0.52,0.61,0.22,0.34,0.1,0.21,COMPLETE
180,180,26.49923707,14:50.4,15:18.9,0 days 00:00:28.529632,0.88,0.17,0.14,0.03,0.44,0.86,0.85,0.38,0.38,0.42,0.23,0.08,0.18,COMPLETE
188,188,26.524418,18:19.6,19:04.3,0 days 00:00:44.634999,1,0.18,0.57,0.19,0.43,0.85,0.86,0.34,0.32,0.47,0.14,0.08,0.29,COMPLETE
286,286,26.53231991,14:25.3,14:50.3,0 days 00:00:24.964349,0.7,0.02,0.59,0.05,0.37,0.53,1,0.44,0.45,0.48,0.78,0.07,0.26,COMPLETE
147,147,26.53294014,59:01.3,59:37.2,0 days 00:00:35.918507,0.88,0.36,0.36,0.86,0.52,0.94,0.73,0.47,0.44,0.27,0.26,0.19,0.18,COMPLETE
117,117,26.53644444,46:49.8,47:38.1,0 days 00:00:48.327784,0.75,0.51,0.47,0.78,0.31,0.89,0.89,0.7,0.37,0.31,0.47,0.15,0.24,COMPLETE
169,169,26.54346479,10:01.3,10:24.9,0 days 00:00:23.663630,0.97,0.12,0.18,0.06,0.63,0.29,0.8,0.49,0.34,0.32,0.04,0.16,0.25,COMPLETE
105,105,26.55588533,41:08.1,41:45.1,0 days 00:00:36.993124,0.45,0.59,0.93,0.75,0.49,0.95,0.95,0.65,0.5,0.16,0.3,0.13,0.1,COMPLETE
75,75,26.56081751,09:42.5,10:48.7,0 days 00:01:06.259581,0.41,0.49,0.97,0.64,0.05,0.86,0.92,0.13,0.72,0.56,0.39,0.17,0.38,COMPLETE
110,110,26.56405141,44:01.9,44:24.9,0 days 00:00:23.076656,0.62,0.55,0.31,0.73,0.41,1,0.9,0.73,0.7,0.32,0.38,0.15,0.11,COMPLETE
137,137,26.57120448,55:01.1,55:22.9,0 days 00:00:21.843213,0.8,0.41,0.49,0.68,0.77,0.88,0.81,0.59,0.41,0.38,0.22,0.19,0.1,COMPLETE
79,79,26.57527433,14:56.9,16:35.9,0 days 00:01:39.052100,0.49,0.39,0.95,0.5,0.15,0.85,0.78,0.15,0.68,0.51,0.5,0.11,0.28,COMPLETE
135,135,26.5775409,54:06.5,54:32.8,0 days 00:00:26.205345,0.82,0.44,0.53,0.77,0.71,0.95,0.83,0.54,0.38,0.28,0.29,0.08,0.17,COMPLETE
96,96,26.5848496,33:43.9,34:47.1,0 days 00:01:03.168633,0.44,0.55,0.98,0.74,0.23,0.98,0.98,0.3,0.7,0.33,0.36,0.12,0.13,COMPLETE
155,155,26.59243507,03:07.1,03:31.9,0 days 00:00:24.801354,0.77,0.31,0.07,0.77,0.5,0.91,0.66,0.48,0.47,0.35,0.26,0.07,0.2,COMPLETE
33,33,26.60198182,25:34.7,26:24.3,0 days 00:00:49.640206,0.46,0.89,0.89,0.52,0.06,0.48,0.87,0.29,0.65,0.52,0.47,0.2,0.38,COMPLETE
101,101,26.60406942,38:57.7,39:26.7,0 days 00:00:28.938413,0.56,0.6,1,0.69,0.34,0.99,1,0.53,0.61,0.21,0.34,0.09,0.21,COMPLETE
116,116,26.60571654,46:16.6,46:49.8,0 days 00:00:33.199871,0.69,0.53,0.39,0.84,0.31,0.98,0.92,0.67,0.34,0.35,0.3,0.16,0.07,COMPLETE
56,56,26.62885795,46:34.8,47:18.2,0 days 00:00:43.443285,0.4,0.57,0.98,0.66,0.09,0.49,0.88,0.21,0.89,0.35,0.39,0.14,0.34,COMPLETE
73,73,26.63477444,05:57.6,08:35.9,0 days 00:02:38.360681,0.46,0.49,0.96,0.64,0.03,0.81,0.85,0.2,0.76,0.37,0.32,0.17,0.39,COMPLETE
202,202,26.66616375,36:09.0,36:32.3,0 days 00:00:23.348130,0.96,0.12,0.43,0.13,0.55,0.88,0.8,0.42,0.29,0.43,0.07,0.09,0.29,COMPLETE
115,115,26.69050069,45:54.4,46:16.6,0 days 00:00:22.209578,0.76,0.46,0.35,0.74,0.37,0.91,0.97,0.58,0.46,0.23,0.42,0.21,0.17,COMPLETE
149,149,26.70093555,00:17.4,00:39.9,0 days 00:00:22.455142,0.96,0.34,0.33,0.95,0.52,0.97,0.75,0.57,0.45,0.4,0.31,0.24,0.16,COMPLETE
107,107,26.70243001,42:18.6,42:48.9,0 days 00:00:30.310261,0.51,0.62,0.95,0.8,0.33,0.95,0.98,0.41,0.65,0.2,0.33,0.09,0.15,COMPLETE
72,72,26.71355684,05:22.2,05:57.6,0 days 00:00:35.377191,0.41,0.49,0.91,0.66,0.05,0.8,0.88,0.21,0.83,0.48,0.31,0.18,0.32,COMPLETE
179,179,26.71774336,14:24.4,14:50.4,0 days 00:00:25.956217,0.94,0.1,0.12,0.09,0.45,0.93,0.82,0.44,0.4,0.46,0.13,0.06,0.27,COMPLETE
114,114,26.72959954,45:32.4,45:54.4,0 days 00:00:21.983533,0.66,0.52,0.4,0.71,0.28,0.99,0.94,0.65,0.44,0.29,0.41,0.07,0.14,COMPLETE
74,74,26.7323037,08:35.9,09:42.5,0 days 00:01:06.536244,0.4,0.49,0.9,0.65,0.05,0.85,0.85,0.2,0.75,0.49,0.44,0.18,0.39,COMPLETE
177,177,26.74004354,13:31.4,13:58.8,0 days 00:00:27.447463,0.98,0.08,0.29,0.11,0.51,0.94,0.8,0.4,0.39,0.44,0.2,0.07,0.16,COMPLETE
63,63,26.75575615,55:02.9,56:13.4,0 days 00:01:10.532322,0.47,0.48,0.77,0.79,0.08,0.91,0.93,0.23,0.98,0.42,0.26,0.16,0.32,COMPLETE
41,41,26.7719689,31:38.8,32:24.2,0 days 00:00:45.420668,0.44,0.67,0.72,0.68,0.05,0.72,0.87,0.22,0.85,0.46,0.22,0.18,0.36,COMPLETE
90,90,26.77434734,28:15.8,29:06.4,0 days 00:00:50.550991,0.37,0.43,0.9,0.72,0,0.77,0.9,0.28,0.55,0.4,0.43,0.22,0.38,COMPLETE
164,164,26.77678424,07:30.0,07:57.6,0 days 00:00:27.538076,1,0.16,0.13,0.82,0.5,0.89,0.73,0.37,0.31,0.37,0.23,0.23,0.26,COMPLETE
131,131,26.79579856,52:36.6,53:00.3,0 days 00:00:23.732420,0.86,0.51,0.45,0.83,0.58,0.92,0.87,0.58,0.42,0.29,0.28,0.06,0.22,COMPLETE
87,87,26.80398067,25:45.4,26:20.5,0 days 00:00:35.071945,0.51,0.45,0.87,0.55,0.02,0.81,0.85,0.08,0.61,0.29,0.62,0.14,0.3,COMPLETE
71,71,26.8129504,04:25.9,05:22.2,0 days 00:00:56.259424,0.45,0.54,0.78,0.67,0.03,0.78,0.86,0.21,0.84,0.45,0.28,0.19,0.33,COMPLETE
284,284,26.83905544,13:33.8,14:02.7,0 days 00:00:28.824401,0.73,0,0.6,0,0.35,0.61,0.98,0.4,0.48,0.51,0.24,0.04,0.28,COMPLETE
138,138,26.87146945,55:22.9,55:43.5,0 days 00:00:20.634592,0.85,0.43,0.51,0.8,0.83,0.93,0.84,0.55,0.45,0.33,0.17,0.06,0.23,COMPLETE
118,118,26.87157717,47:38.1,48:05.6,0 days 00:00:27.466082,0.67,0.55,0.36,0.87,0.39,1,0.94,0.63,0.51,0.14,0.32,0.13,0.01,COMPLETE
190,190,26.90338188,19:28.6,19:51.5,0 days 00:00:22.939389,0.99,0.08,0.59,0.13,0.53,0.86,0.85,0.35,0.35,0.43,0.16,0.05,0.26,COMPLETE
192,192,26.90972136,20:22.8,20:54.0,0 days 00:00:31.190279,0.86,0.14,0.45,0.18,0.46,0.88,0.81,0.33,0.23,0.41,0.12,0.12,0.24,COMPLETE
86,86,26.92011325,25:12.2,25:45.4,0 days 00:00:33.180587,0.33,0.51,0.96,0.59,0.05,0.82,0.98,0.2,0.68,0.68,0.57,0.1,0.4,COMPLETE
19,19,26.9354998,13:20.7,14:41.1,0 days 00:01:20.377189,0.45,0.56,0.68,0.72,0,0.73,0.83,0.25,0.85,0.39,0.28,0.14,0.18,COMPLETE
20,20,26.93770751,14:41.1,15:26.2,0 days 00:00:45.086014,0.43,0.64,0.7,0.7,0,0.74,0.88,0.23,0.9,0.46,0.29,0.2,0.33,COMPLETE
82,82,26.95567999,20:00.1,21:34.8,0 days 00:01:34.706062,0.42,0.15,0.93,0.48,0.03,0.84,0.77,0.15,0.72,0.52,0.51,0.22,0.37,COMPLETE
61,61,26.95755011,52:27.0,53:46.9,0 days 00:01:19.885948,0.46,0.53,0.77,0.69,0.02,0.78,0.86,0.22,0.89,0.44,0.28,0.2,0.32,COMPLETE
27,27,26.96947159,20:29.6,21:23.1,0 days 00:00:53.419232,0.31,0.87,0.88,0.59,0,0.65,0.79,0.3,0.82,0.25,0.68,0.11,0.27,COMPLETE
21,21,26.99986818,15:26.2,16:15.7,0 days 00:00:49.548848,0.43,0.66,0.69,0.71,0.02,0.69,0.87,0.23,0.89,0.45,0.3,0.21,0.32,COMPLETE
22,22,27.00067002,16:15.7,16:49.4,0 days 00:00:33.717550,0.47,0.64,0.67,0.73,0,0.74,0.91,0.21,0.85,0.44,0.27,0.22,0.31,COMPLETE
106,106,27.02073437,41:45.1,42:18.6,0 days 00:00:33.461557,0.48,0.67,0.98,0.77,0.38,0.97,0.91,0.56,0.56,0.27,0.36,0.07,0.05,COMPLETE
171,171,27.03606274,10:49.7,11:19.4,0 days 00:00:29.681544,0.87,0,0.23,0.3,0.59,0.93,0.46,0.43,0.25,0.37,0.29,0.13,0.19,COMPLETE
146,146,27.05196126,58:29.0,59:01.3,0 days 00:00:32.283519,0.94,0.26,0.25,0.71,0.49,0.92,0.69,0.45,0.48,0.99,0.18,0.21,0.2,COMPLETE
68,68,27.06784503,01:04.4,01:47.3,0 days 00:00:42.872547,0.48,0.54,0.79,0.24,0.15,0.9,0.83,0.18,0.9,0.48,0.2,0.11,0.23,COMPLETE
119,119,27.09154994,48:05.6,48:28.4,0 days 00:00:22.826344,0.74,0.64,0.43,0.71,0.37,0.93,0.96,0.57,0.47,0.06,0.38,0.19,0.09,COMPLETE
235,235,27.11945377,50:35.1,51:00.8,0 days 00:00:25.678331,0.84,0.02,0.42,0.07,0.41,0.79,0.91,0.37,0.15,0.5,0.24,0.17,0.3,COMPLETE
80,80,27.12980518,16:35.9,18:15.2,0 days 00:01:39.216054,0.55,0.38,0.95,0.51,0.16,0.8,0.72,0.05,0.67,0.5,0.49,0.09,0.29,COMPLETE
31,31,27.14375284,24:00.2,24:48.6,0 days 00:00:48.381542,0.36,0.67,0.78,0.71,0.01,0.7,0.93,0.24,0.92,0.44,0.35,0.23,0.35,COMPLETE
48,48,27.14930644,36:02.4,37:01.4,0 days 00:00:59.035886,0.57,0.61,0.47,0.01,0.25,0.66,0.69,0.44,0.58,0.54,0.56,0.27,0.18,COMPLETE
28,28,27.14971584,21:23.1,22:06.1,0 days 00:00:43.076191,0.3,0.93,0.88,0.57,0.29,0.45,0.8,0.31,0.81,0.27,0.7,0.09,0.25,COMPLETE
53,53,27.16381308,41:58.8,43:37.6,0 days 00:01:38.805513,0.5,0.79,0.81,0.82,0.1,0.6,0.95,0.28,0.84,0.3,0.19,0.2,0.22,COMPLETE
52,52,27.18507756,40:21.0,41:58.8,0 days 00:01:37.816571,0.44,0.52,0.69,0.57,0.03,0.65,0.77,0.22,0.78,0.46,0.3,0.24,0.28,COMPLETE
122,122,27.20991991,49:12.9,49:36.7,0 days 00:00:23.735729,0.8,0.53,0.5,0.73,0.28,0.96,0,0.55,0.4,0.24,0.72,0.09,0.14,COMPLETE
37,37,27.26664309,28:45.7,29:12.4,0 days 00:00:26.713068,0.6,0.88,0.76,0.4,0.25,0.96,0.95,0.26,0.64,0.79,0.41,0.18,0.08,COMPLETE
57,57,27.35534005,47:18.2,48:32.1,0 days 00:01:13.885947,0.4,0.6,0.99,0.46,0.09,0.48,0.9,0.68,0.89,0.35,0.42,0.14,0.35,COMPLETE
17,17,27.36898284,11:24.9,12:13.3,0 days 00:00:48.477719,0.41,0.13,0.82,0.82,0.39,0.57,0.86,0.48,0.27,0.39,0.07,0.14,0.02,COMPLETE
120,120,27.40600658,48:28.4,48:51.6,0 days 00:00:23.125147,0.65,0.45,0.2,0.68,0.45,0.97,0.92,0.63,0.53,0.27,0.42,0.05,0.03,COMPLETE
99,99,27.41019751,36:23.7,37:10.1,0 days 00:00:46.426963,0.51,0.62,0.94,0.85,0.18,1,0.96,0.47,0.73,0.31,0.35,0.05,0.07,COMPLETE
43,43,27.41332781,32:50.8,33:30.8,0 days 00:00:40.017802,0.46,0.79,0.74,0.46,0.13,0.92,0.96,0.35,0.93,0.4,0.69,0.11,0.37,COMPLETE
78,78,27.42385941,13:52.5,14:56.9,0 days 00:01:04.413305,0.41,0.43,1,0.6,0.12,0.19,0.91,0.1,0.63,0.37,0.32,0.29,0.51,COMPLETE
84,84,27.51507482,22:56.6,24:26.5,0 days 00:01:29.946201,0.49,0.38,0.98,0.65,0.13,0.86,0.88,0.12,0.8,0.61,0.37,0.05,0.27,COMPLETE
88,88,27.52049462,26:20.5,27:12.6,0 days 00:00:52.130049,0.41,0.58,0.94,0.62,0.92,0.88,0.95,0.33,0.77,0.38,0.52,0.07,0.35,COMPLETE
104,104,27.52705087,40:36.7,41:08.1,0 days 00:00:31.387367,0.43,0.58,1,0.81,0.42,0.93,1,0.6,0.62,0.25,0.41,0.03,0.16,COMPLETE
227,227,27.54018071,46:57.2,47:22.9,0 days 00:00:25.764602,0.83,0.05,0.5,0.03,0.42,0.68,0.9,0.31,0.39,0.53,0.21,0.43,0.35,COMPLETE
30,30,27.56786382,22:36.4,24:00.2,0 days 00:01:23.863416,0.23,1,0.6,0.42,0.08,0.61,0.2,0.39,0.79,0.1,0.46,0.11,0.41,COMPLETE
42,42,27.59527174,32:24.2,32:50.8,0 days 00:00:26.574724,0.35,0.46,0.94,0.63,0.07,0.74,0.87,0.2,0.82,0.5,0.23,0.31,0.29,COMPLETE
156,156,27.61104701,03:31.9,04:05.5,0 days 00:00:33.536793,0.89,0.29,0.24,0.8,0.66,0.95,0.7,0.5,0.33,0.94,0.28,0.03,0.25,COMPLETE
36,36,27.6279846,28:15.5,28:45.7,0 days 00:00:30.248859,0.36,0.75,0.86,0.6,0.06,0.63,0.55,0.54,0.75,0.4,0.65,0.27,0.39,COMPLETE
129,129,27.63859167,51:51.2,52:14.1,0 days 00:00:22.847890,1,0.47,0.42,0.72,0.54,0.89,0.89,0.47,0.26,0.19,0.24,0.04,0.24,COMPLETE
64,64,27.66499882,56:13.4,57:23.2,0 days 00:01:09.787725,0.59,0.47,0.83,0.77,0.08,1,0.93,0.23,1,0.38,0.19,0.15,0.42,COMPLETE
89,89,27.68142604,27:12.6,28:15.8,0 days 00:01:03.224493,0.58,0.33,0.84,0.49,0.2,0.49,0.81,0.01,0.65,0.52,0.46,0.02,0.43,COMPLETE
60,60,27.7195806,51:05.3,52:27.0,0 days 00:01:21.746164,0.28,0.32,0.86,0.38,0.11,0.53,1,0.33,0.75,0.12,0.54,0.29,0.25,COMPLETE
51,51,27.7670104,39:20.4,40:21.0,0 days 00:01:00.631938,0.43,0.65,0.57,0.71,0.04,0.7,0.86,0.19,0.86,0.5,0.26,0.34,0.33,COMPLETE
77,77,27.77396702,12:29.0,13:52.5,0 days 00:01:23.512492,0.34,0.29,0.91,0.64,0.08,0.87,0.93,0.17,0.71,0.55,0.39,0.25,0.44,COMPLETE
55,55,27.78129583,45:18.8,46:34.8,0 days 00:01:16.030678,0.2,0.72,0.56,0.75,0.15,0.36,0.83,0.42,0.09,0.59,0.07,0.17,0.42,COMPLETE
81,81,27.80188014,18:15.2,20:00.1,0 days 00:01:44.953678,0.48,0.01,0.88,0.57,0.06,0.93,0.84,0.28,0.75,0.56,0.4,0.12,0.47,COMPLETE
15,15,27.80605054,10:00.3,10:34.4,0 days 00:00:34.087070,0.03,0.5,0.32,1,0.78,0.04,0.75,0.45,0.73,0.35,0.08,0.03,0.21,COMPLETE
139,139,27.83175802,55:43.5,56:03.8,0 days 00:00:20.215560,0.78,0.46,0.54,0.82,0.72,0.91,0.82,0.79,0.36,0.39,0.27,0.01,0.12,COMPLETE
32,32,27.87021274,24:48.6,25:34.7,0 days 00:00:46.056162,0.56,0.79,0.64,0.66,0,0.83,0.79,0.14,0.83,0.58,0.24,0.32,0.3,COMPLETE
35,35,27.93908224,27:31.6,28:15.5,0 days 00:00:43.905677,0.51,0.84,1,0.5,0.14,0.48,0.35,0.13,0.53,0.63,0.6,0.37,0.48,COMPLETE
159,159,27.9607344,05:06.2,05:31.1,0 days 00:00:24.880129,0.85,0.21,0.19,0.78,0.53,0.9,0.59,0.48,0.46,0.28,0.3,0.58,0.23,COMPLETE
200,200,27.96089367,35:22.8,35:46.7,0 days 00:00:23.929168,0.98,0.15,0.55,0.11,0.53,0.83,0.87,0.36,0.33,0.47,0.19,0.86,0.23,COMPLETE
66,66,27.97110671,58:30.1,59:32.4,0 days 00:01:02.261062,0.63,0.5,0.71,0.82,0.13,0.89,0.89,0.14,0.93,0.57,0.24,0.24,0.19,COMPLETE
140,140,27.99662798,56:03.8,56:25.3,0 days 00:00:21.553406,0.87,0.4,0.46,0.76,0.63,0.95,0.76,0.52,0.49,0.3,0.21,0.47,0.08,COMPLETE
49,49,28.00242094,37:01.4,38:20.6,0 days 00:01:19.222512,0.43,0.96,0.9,0.62,0.57,0.39,0.56,0.06,0.71,0.47,0.15,0.12,0.59,COMPLETE
76,76,28.03412421,10:48.7,12:29.0,0 days 00:01:40.215649,0.38,0.49,0.97,0.64,0.19,0.9,0.97,0.13,0.75,0.61,0.44,0.34,0.4,COMPLETE
18,18,28.06259874,12:13.3,13:20.7,0 days 00:01:07.378931,0.14,0.36,0.32,0.79,0.79,0.59,0.62,0.49,0.21,0.32,0.78,0.14,0,COMPLETE
26,26,28.06840975,19:42.8,20:29.6,0 days 00:00:46.830672,0.49,0.59,0.48,0.89,0.21,0.76,0.92,0.17,0.99,0,0.53,0.16,0.46,COMPLETE
275,275,28.11635747,08:51.7,09:26.1,0 days 00:00:34.417426,0.72,0.04,0.56,0,0.38,0.65,0.98,0.43,0.46,0.46,0.89,1,0.26,COMPLETE
6,6,28.13108448,02:12.0,03:06.8,0 days 00:00:54.806176,0.98,0.14,0.84,0.96,0.38,0.02,0.97,0.72,0.33,0.89,0,0.04,0.09,COMPLETE
108,108,28.15369245,42:48.9,43:15.1,0 days 00:00:26.150401,0.36,0.69,0.92,0.84,0.45,0.95,0.96,0.51,0.57,0.17,0.36,0,0.2,COMPLETE
23,23,28.17586153,16:49.5,17:48.9,0 days 00:00:59.408923,0.32,0.61,0.72,0.68,0.11,0.79,0.8,0.18,0.88,0.24,0.3,0.38,0.34,COMPLETE
94,94,28.18919205,31:31.7,32:45.0,0 days 00:01:13.345462,0.53,0.52,1,0.7,0.11,0.92,0.94,0.25,0.69,0.28,0.4,0.78,0.26,COMPLETE
237,237,28.29821925,51:22.7,51:44.0,0 days 00:00:21.278523,0.78,0.02,0.48,0.13,0.36,0.76,0.34,0.29,0.4,0.52,0.24,0.72,0.33,COMPLETE
45,45,28.36650964,33:56.5,34:31.7,0 days 00:00:35.245070,0.7,0.75,0.85,0.91,0.17,0.63,0.74,0.26,0.86,0.3,0.35,0,0.38,COMPLETE
40,40,28.40917576,30:34.8,31:38.8,0 days 00:01:03.989583,0.73,0.71,0.82,0.85,0.17,0.82,0.66,0.29,0.68,0.16,0.37,0.43,0.22,COMPLETE
12,12,28.59729078,07:59.2,08:44.2,0 days 00:00:45.008987,0.01,0.51,0.28,0.29,1,0.27,0.72,0.44,0.7,0.72,0.19,0.52,0.43,COMPLETE
8,8,28.64433674,03:46.7,04:28.7,0 days 00:00:41.981414,0.82,0.82,0.05,0.11,0.89,0.32,0.5,0.57,0.59,0.7,0.29,0.94,0.42,COMPLETE
44,44,28.71359278,33:30.8,33:56.5,0 days 00:00:25.684918,0.52,0.87,0.62,0.54,0.05,0.56,0.03,0.11,0.73,0.26,0.43,0.17,0.45,COMPLETE
59,59,28.80501149,50:02.2,51:05.3,0 days 00:01:03.063961,0.54,0.41,0.93,0.55,0.19,0.56,0.26,0.16,0.66,0.22,0.38,0.02,0.39,COMPLETE
58,58,28.82679213,48:32.1,50:02.2,0 days 00:01:30.081566,0.3,0.35,0.96,0.66,0.04,0.45,0.75,0.11,0.43,0.32,0.48,0.08,0.12,COMPLETE
13,13,28.83295969,08:44.2,09:23.4,0 days 00:00:39.162132,0.05,0.54,0.28,0.32,1,0.24,0.72,0.39,0.77,0.99,0.15,0.47,0.24,COMPLETE
10,10,28.88996606,05:54.6,06:57.7,0 days 00:01:03.066468,0.3,0.36,0.41,0.24,0.04,0.68,1,0.87,0.97,0.34,0,0.05,0.27,COMPLETE
47,47,28.89692158,35:09.8,36:02.4,0 days 00:00:52.603670,0.39,0.56,0.79,0.78,0,0.8,0.89,0.16,0.95,0.37,0.22,1,0.26,COMPLETE
54,54,28.90460616,43:37.6,45:18.8,0 days 00:01:41.123225,0.36,0.64,0.73,0.61,0.64,0.72,0.43,0.36,0.96,0.66,0.34,0.04,0.5,COMPLETE
16,16,28.9859026,10:34.4,11:24.9,0 days 00:00:50.461127,0.18,0.25,0.55,0.99,0.74,0.05,0.84,0.76,0.94,0.35,0.94,0,0.19,COMPLETE
65,65,28.99477847,57:23.2,58:30.1,0 days 00:01:06.871957,0.94,0.57,0.64,0.88,0.22,0.94,0.97,0.96,0.97,0.52,0.33,0.07,0.36,COMPLETE
34,34,29.2939426,26:24.3,27:31.6,0 days 00:01:07.260094,0.61,0.91,0.89,0.51,0.3,0.54,0.77,0.31,0.63,0.54,0.47,0.08,0.62,COMPLETE
70,70,29.47966275,03:01.6,04:25.9,0 days 00:01:24.331074,0.5,0.4,0.67,0.79,0.26,0.97,0.8,0.09,0.8,0.43,0.26,0.65,0.49,COMPLETE
9,9,29.54835469,04:28.7,05:54.6,0 days 00:01:25.907420,0.25,0.21,0.8,0.64,0.92,0.41,0.49,0.3,0.43,0.09,0.39,0.91,0.05,COMPLETE
4,4,29.55885129,59:37.4,00:19.1,0 days 00:00:41.759946,0.72,0.74,0.95,0.48,0.47,0.95,0.12,0.1,0.39,0.53,0.6,0.27,0.65,COMPLETE
14,14,29.56129141,09:23.4,10:00.3,0 days 00:00:36.889371,0.42,0.23,0.69,0.33,0.21,0,1,0.8,0.35,0.74,0.15,0.49,0.53,COMPLETE
69,69,29.63332225,01:47.3,03:01.6,0 days 00:01:14.341044,0.53,0.63,0.75,0.92,0.1,0.83,0.93,0.26,0.96,0.34,0.11,0.53,0.45,COMPLETE
3,3,29.68946336,59:14.4,59:37.4,0 days 00:00:22.973838,0.64,0.75,0.57,0.82,0.4,0.16,0.52,0.26,0.55,0.18,0.88,0.57,0.12,COMPLETE
24,24,29.69018439,17:48.9,19:00.9,0 days 00:01:12.000286,0.54,0.71,0.6,0.74,0.12,0.66,0.62,0.35,0.89,0.59,0.56,0.4,0.53,COMPLETE
25,25,29.91994038,19:00.9,19:42.8,0 days 00:00:41.939114,0.39,0.43,0.75,0.43,0.1,0.87,0.62,0,0.68,0.48,0.32,0.22,0.16,COMPLETE
38,38,30.10481809,29:12.4,29:51.5,0 days 00:00:39.066714,0.47,0.95,0.92,0.53,0.51,0.42,0.83,0.38,1,0.53,0.5,0.26,0.56,COMPLETE
67,67,30.19444792,59:32.4,01:04.4,0 days 00:01:32.028659,0.39,0.45,0.17,0.73,0.07,0.85,0.09,0.04,0.87,0.41,0.15,0.14,0.3,COMPLETE
0,0,30.69410048,57:25.6,57:56.9,0 days 00:00:31.338392,0.98,0.64,0.08,0.56,0.31,0.86,0.04,0.08,0.8,0.85,0.46,0.71,0.37,COMPLETE
39,39,30.69606716,29:51.5,30:34.8,0 days 00:00:43.274756,0.24,0.56,0.52,0.76,0.06,0.51,0.9,0.07,0.59,0.64,0.84,0.82,0.12,COMPLETE
7,7,30.84376471,03:06.8,03:46.7,0 days 00:00:39.922896,0.66,0.03,0.03,0.84,0.74,0.13,0.38,0.08,0.01,0.87,0,0.3,0.77,COMPLETE
5,5,30.99654453,01:19.8,02:12.0,0 days 00:00:52.197179,0.98,0.4,0.92,0.62,0.6,0.1,0.86,1,0.06,0.93,0.42,0.93,0.04,COMPLETE
1,1,31.04840763,57:56.9,58:43.3,0 days 00:00:46.341410,0.57,0.03,0.67,0.5,0.56,0.52,0.38,0.68,0.63,0.58,0.39,0.34,0.66,COMPLETE
29,29,31.39771482,22:06.1,22:36.4,0 days 00:00:30.216844,0.14,0.82,0.97,0.58,0.17,0.87,0.66,0.02,0.48,0.23,0.74,0.63,0.15,COMPLETE
145,145,31.59525877,58:01.9,58:29.0,0 days 00:00:27.121930,0.94,0.21,0.3,0.67,0.68,0.97,0.65,0.5,0.42,0.3,0.31,0.16,0.68,COMPLETE
2,2,33.38437034,58:43.3,59:14.4,0 days 00:00:31.111938,0.67,0.88,0.42,0.99,0.67,1,0.46,0.63,0.18,0.16,0.63,0.17,0.72,COMPLETE
46,46,35.61997497,34:31.7,35:09.8,0 days 00:00:38.040278,0.27,0.69,0.71,0.66,0.35,0.71,0.82,0.32,0.78,0.19,0.12,0.06,0.76,COMPLETE
294,294,37.94261565,17:44.6,18:10.6,0 days 00:00:26.020856,0.7,0.05,0.53,0.05,0.32,0.64,0.94,0.39,0.54,0.6,0.27,0.12,0.81,COMPLETE
83,83,42.18252296,21:34.8,22:56.6,0 days 00:01:21.736013,0.38,0.42,0.91,0.53,0.1,0.97,0.8,0.18,0.59,0.49,0.45,0.17,0.85,COMPLETE
11,11,43.09137961,06:57.7,07:59.2,0 days 00:01:01.567857,0.85,1,0.17,0.09,0.21,0.32,0.7,0.6,0.22,0.69,0.19,0.71,0.94,COMPLETE
50,50,43.09137961,38:20.6,39:20.4,0 days 00:00:59.746447,0.33,0.47,0.66,0.69,0.44,0.76,0.99,0.26,0.91,0.42,0.99,0.2,1,COMPLETE
