,number,value,datetime_start,datetime_complete,duration,params_precip_const_1,params_precip_const_2,params_precip_const_3,params_precip_const_4,params_precip_const_5,params_precip_const_6,params_precip_const_7,params_precip_const_8,params_precip_const_9,params_precip_const_10,params_precip_const_11,params_precip_const_12,params_residual_const,state
0,0,24.62067908,39:01.0,39:45.0,0 days 00:00:44.020860,0.18,0.78,0.43,0.29,0.61,0.32,0.01,0.24,0.97,0.68,0.33,0.45,0.47,COMPLETE
1,1,23.85541239,39:45.0,40:24.5,0 days 00:00:39.548879,0.73,0.34,0.99,1,0.86,0.27,0.62,0.68,0.83,0.65,0.98,0.93,0.05,COMPLETE
2,2,26.99369137,40:24.5,41:01.3,0 days 00:00:36.824200,0.36,0.55,0.44,0.06,0.12,0.94,0.57,0.32,0.91,0.37,0.87,0.01,0.15,COMPLETE
3,3,24.01666618,41:01.3,41:59.0,0 days 00:00:57.658342,1,0.67,0.26,0.88,0.58,0.17,0.46,0.74,0.03,0.96,0.41,0.75,0.43,COMPLETE
4,4,24.90627031,41:59.0,43:07.3,0 days 00:01:08.273332,0,0.4,0.28,0.91,0.6,0.38,0.79,0.79,0.53,0.67,0.6,0.01,0.5,COMPLETE
5,5,33.56973079,44:37.3,45:16.5,0 days 00:00:39.236728,0.74,0.98,0.14,0.2,0.08,0.11,0.01,0.85,0.59,0.09,0.66,0.04,0.88,COMPLETE
6,6,32.43020337,45:16.5,46:47.0,0 days 00:01:30.486203,0.37,0.18,0.01,0.37,0.44,0.14,0.43,0.37,0.3,0.5,0.42,0.1,0.94,COMPLETE
7,7,25.2184688,46:47.0,47:38.4,0 days 00:00:51.333722,0.59,0.59,0.98,0.92,0.53,0.14,0.25,0.83,0.62,0.54,0.07,0.02,0.47,COMPLETE
8,8,23.52500951,47:38.4,48:31.7,0 days 00:00:53.336447,0.8,0.55,0.08,0.78,0.3,0.62,0.62,0.75,0.35,0.17,0.3,0.43,0.28,COMPLETE
9,9,24.85642351,48:31.7,49:25.0,0 days 00:00:53.306786,0,1,0.23,0.28,0.91,0.5,0.57,0.35,0.21,0.75,0.22,0.95,0.58,COMPLETE
10,10,24.93451531,49:25.0,50:12.0,0 days 00:00:47.027591,0.9,0.04,0.7,0.59,0.29,0.78,0.94,0.08,0.32,0,0.03,0.39,0.24,COMPLETE
11,11,24.12640564,50:12.0,51:11.5,0 days 00:00:59.419845,0.68,0.36,0.74,0.73,0.92,0.67,0.75,0.6,0.77,0.22,0.96,0.65,0,COMPLETE
12,12,24.22209532,51:11.5,52:08.1,0 days 00:00:56.665487,0.79,0.28,0.99,0.69,0.79,0.62,0.74,0.99,0.75,0.27,0.73,0.33,0.21,COMPLETE
13,13,24.47197106,52:08.1,53:06.8,0 days 00:00:58.718024,0.5,0.46,0.67,0.99,0.26,0.35,0.28,0.58,0.36,0.91,0.23,1,0,COMPLETE
14,14,24.35061049,53:06.8,54:04.5,0 days 00:00:57.631487,0.86,0.21,0.84,0.71,0.76,0.51,0.92,0.65,0.44,0.39,0.8,0.69,0.32,COMPLETE
15,15,28.67652718,54:04.5,54:57.6,0 days 00:00:53.125241,0.6,0.76,0.56,0.81,0.34,0.86,0.64,0.49,0.12,0.82,0.53,0.22,0.67,COMPLETE
16,16,26.24288478,54:57.6,55:35.2,0 days 00:00:37.548872,0.99,0.02,0,0.52,1,0.02,0.34,0.96,0.7,0.54,0.98,0.54,0.11,COMPLETE
17,17,23.74776538,55:35.2,56:03.7,0 days 00:00:28.526437,0.49,0.3,0.56,1,0,0.65,0.66,0.48,0.44,0.21,0.17,0.85,0.35,COMPLETE
18,18,24.11449899,56:03.7,56:51.1,0 days 00:00:47.388289,0.43,0.16,0.53,0.81,0.17,0.76,0.85,0.49,0.43,0.16,0.15,0.84,0.33,COMPLETE
19,19,24.00392938,56:51.1,57:48.7,0 days 00:00:57.635584,0.22,0.48,0.34,0.55,0.02,0.55,0.14,0.04,0.13,0.31,0.31,0.55,0.63,COMPLETE
20,20,27.88109566,57:48.7,58:30.1,0 days 00:00:41.395055,0.56,0.67,0.1,0.65,0.41,0.67,0.7,0.19,0.25,0.07,0.18,0.25,0.74,COMPLETE
21,21,23.15824431,58:30.1,59:08.7,0 days 00:00:38.622773,0.68,0.31,0.86,1,0.19,0.42,0.6,0.68,0.45,0.42,0.34,0.82,0.32,COMPLETE
22,22,23.13908136,59:08.7,00:09.4,0 days 00:01:00.682669,0.67,0.28,0.82,0.82,0.19,0.44,0.51,0.54,0.45,0.39,0.32,0.8,0.35,COMPLETE
23,23,23.51453494,00:09.4,01:15.3,0 days 00:01:05.862030,0.65,0.43,0.84,0.81,0.21,0.41,0.51,0.9,0.52,0.44,0.45,0.78,0.25,COMPLETE
24,24,23.55341312,01:15.3,02:10.4,0 days 00:00:55.103430,0.67,0.11,0.86,0.86,0.17,0.43,0.39,0.9,0.53,0.43,0.52,0.78,0.39,COMPLETE
25,25,24.06256857,02:10.4,03:07.3,0 days 00:00:56.930786,0.64,0.42,0.85,0.62,0.22,0.25,0.53,0.58,0.63,0.45,0.4,0.62,0.2,COMPLETE
26,26,23.88967418,03:07.3,03:46.9,0 days 00:00:39.614174,0.88,0.28,0.79,0.44,0.38,0.46,0.5,0.9,0.49,0.58,0.48,0.85,0.14,COMPLETE
27,27,23.38161735,03:46.9,04:19.0,0 days 00:00:32.114594,0.55,0.24,0.92,0.77,0.11,0.4,0.36,0.67,0.57,0.29,0.6,0.75,0.4,COMPLETE
28,28,25.08286195,04:19.0,05:07.2,0 days 00:00:48.160196,0.31,0.23,0.93,0.89,0.03,0.28,0.18,0.68,0.67,0.34,0.6,0.7,0.55,COMPLETE
29,29,23.40664235,05:07.2,05:46.6,0 days 00:00:39.390626,0.45,0.11,0.65,0.75,0.15,0.56,0.37,0.41,0.39,0.31,0.35,0.61,0.4,COMPLETE
30,30,32.33655795,05:46.6,06:19.9,0 days 00:00:33.306994,0.56,0.11,0.93,0.95,0.07,0.33,0.3,0.27,0.58,0.62,0.58,0.86,0.77,COMPLETE
31,31,23.40546697,06:19.9,07:19.1,0 days 00:00:59.169345,0.41,0.13,0.65,0.75,0.13,0.56,0.38,0.45,0.39,0.34,0.35,0.61,0.41,COMPLETE
32,32,23.36465513,07:19.1,07:57.8,0 days 00:00:38.752308,0.24,0.22,0.76,0.85,0.11,0.43,0.43,0.55,0.26,0.27,0.28,0.73,0.48,COMPLETE
33,33,23.87165804,07:57.8,08:29.4,0 days 00:00:31.577748,0.15,0.34,0.76,0.83,0.08,0.23,0.45,0.55,0.21,0.48,0.27,0.94,0.55,COMPLETE
34,34,24.50452182,08:29.4,09:01.3,0 days 00:00:31.860098,0.27,0.23,0.94,0.96,0.24,0.45,0.54,0.64,0.47,0.25,0.11,0.74,0.45,COMPLETE
35,35,25.20724163,09:01.3,09:51.6,0 days 00:00:50.326250,0.08,0.27,0.9,0.88,0.46,0.37,0.44,0.71,0.91,0.39,0.37,0.8,0.51,COMPLETE
36,36,23.13670981,09:51.6,10:29.1,0 days 00:00:37.495344,0.74,0.36,0.8,0.91,0.34,0.3,0.21,0.54,0.05,0.13,0.69,0.7,0.29,COMPLETE
37,37,24.62747925,10:29.1,11:06.2,0 days 00:00:37.076740,0.78,0.35,0.44,0.03,0.33,0.3,0.05,0.43,0.04,0.12,0.76,0.92,0.31,COMPLETE
38,38,24.21870489,11:06.2,11:47.5,0 days 00:00:41.366027,0.71,0.39,0.61,0.92,0.2,0.2,0.18,0.55,0.09,0.01,0.69,0.49,0.18,COMPLETE
39,39,24.40249819,11:47.5,12:35.7,0 days 00:00:48.133312,0.72,0.52,0.79,0.15,0.37,0.33,0.58,0.77,0,0.17,0.26,0.7,0.08,COMPLETE
40,40,24.80455128,12:35.7,13:46.0,0 days 00:01:10.372493,0.76,0.19,0.72,0.94,0.5,0.08,0.06,0.38,0.27,0.1,0.88,0.91,0.47,COMPLETE
41,41,22.6853216,13:46.1,15:06.3,0 days 00:01:20.281236,0.53,0.33,0.89,0.87,0.1,0.39,0.23,0.53,0.18,0.28,0.66,0.74,0.37,COMPLETE
42,42,22.88568539,15:06.3,15:55.7,0 days 00:00:49.379912,0.83,0.33,0.79,0.87,0.26,0.5,0.22,0.53,0.17,0.23,0.83,0.66,0.36,COMPLETE
43,43,22.69897849,15:55.7,16:38.3,0 days 00:00:42.575124,0.83,0.32,0.8,0.9,0.27,0.48,0.23,0.62,0.17,0.22,0.85,0.56,0.28,COMPLETE
44,44,23.00418437,16:38.3,17:17.3,0 days 00:00:39.023630,0.84,0.38,0.79,0.68,0.29,0.49,0.23,0.62,0.18,0.22,0.82,0.55,0.24,COMPLETE
45,45,23.22422926,17:17.3,18:04.1,0 days 00:00:46.807529,0.93,0.41,0.72,0.67,0.27,0.5,0.22,0.62,0.17,0.05,0.85,0.57,0.24,COMPLETE
46,46,23.37354674,18:04.1,18:56.9,0 days 00:00:52.816341,0.85,0.37,0.99,0.89,0.31,0.6,0.12,0.3,0.07,0.21,0.89,0.48,0.27,COMPLETE
47,47,23.17772854,18:56.9,19:53.1,0 days 00:00:56.168876,0.82,0.58,0.79,0.71,0.65,0.49,0.24,0.82,0.18,0.13,0.66,0.42,0.15,COMPLETE
48,48,23.06535515,19:53.1,20:32.5,0 days 00:00:39.355208,0.95,0.5,0.89,0.61,0.4,0.71,0.29,0.73,0.13,0.17,0.81,0.67,0.28,COMPLETE
49,49,23.37345206,20:32.5,21:09.9,0 days 00:00:37.465707,0.95,0.46,0.89,0.59,0.44,0.7,0.3,0.72,0.17,0.22,0.93,0.65,0.36,COMPLETE
50,50,24.19101755,56:09.2,56:51.5,0 days 00:00:42.232682,1,0.52,0.69,0.55,0.57,0.91,0.11,0.61,0.11,0.16,0.81,0.36,0.06,COMPLETE
51,51,24.37930467,56:51.5,57:24.5,0 days 00:00:33.033212,0.92,0.33,0.96,0.47,0.37,1,0.19,0.5,0.04,0.19,0.74,0.66,0.29,COMPLETE
52,52,23.35440438,57:24.5,58:29.9,0 days 00:01:05.401836,0.83,0.64,0.8,0.79,0.29,0.76,0.29,0.52,0.14,0.04,0.8,0.57,0.22,COMPLETE
53,53,23.19691413,58:29.9,59:07.8,0 days 00:00:37.923317,0.96,0.44,0.6,0.38,0.49,0.37,0.25,0.73,0.07,0.25,0.71,0.53,0.28,COMPLETE
54,54,24.13840481,59:07.8,59:54.9,0 days 00:00:47.053996,0.88,0.49,0.88,0.66,0.41,0.58,0.16,0.59,0.22,0.13,0.84,0.46,0.43,COMPLETE
55,55,23.38706103,59:54.9,00:43.2,0 days 00:00:48.330575,0.75,0.37,0.76,0.91,0.25,0.53,0.33,0.78,0.3,0.25,0.92,0.59,0.36,COMPLETE
56,56,23.34405319,00:43.2,01:41.4,0 days 00:00:58.141535,0.79,0.39,1,0.96,0.35,0.47,0.09,0.46,0.22,0.15,0.76,0.52,0.16,COMPLETE
57,57,24.83547559,01:41.4,02:20.8,0 days 00:00:39.485579,0.83,0.74,0.83,0.86,0.31,0.8,0.22,0.64,0,0.07,0.65,0.68,0.11,COMPLETE
58,58,22.68739772,02:20.9,02:54.9,0 days 00:00:34.079013,0.9,0.56,0.88,0.71,0.42,0.52,0.26,0.58,0.14,0.35,0.99,0.64,0.26,COMPLETE
59,59,24.39556936,02:54.9,03:44.0,0 days 00:00:49.055329,0.9,0.61,0.88,0.6,0.54,0.69,0.01,0.18,0.34,0.31,0.97,0.64,0.23,COMPLETE
60,60,23.02576265,03:44.0,04:20.7,0 days 00:00:36.721615,0.87,0.89,0.96,0.63,0.64,0.61,0.27,0.69,0.15,0.34,0.92,0.51,0.2,COMPLETE
61,61,23.06834445,04:20.7,04:49.2,0 days 00:00:28.525870,0.96,0.89,0.95,0.62,0.41,0.62,0.26,0.69,0.15,0.35,1,0.51,0.19,COMPLETE
62,62,23.02610754,04:49.2,05:26.7,0 days 00:00:37.427814,0.87,0.86,0.91,0.55,0.68,0.54,0.32,0.75,0.1,0.22,0.93,0.42,0.25,COMPLETE
63,63,23.0807144,05:26.7,05:56.9,0 days 00:00:30.249213,0.87,0.91,0.96,0.54,0.66,0.52,0.33,0.65,0.09,0.37,0.93,0.31,0.11,COMPLETE
64,64,35.87139101,05:56.9,06:32.0,0 days 00:00:35.129134,0.8,0.85,0.91,0.71,0.78,0.58,0.14,0.81,0.18,0.3,0.9,0.39,0.99,COMPLETE
65,65,23.84183188,06:32.0,07:11.5,0 days 00:00:39.493698,0.91,0.97,0.83,0.5,0.73,0.64,0.25,0.58,0.28,0.23,0.95,0.58,0.33,COMPLETE
66,66,23.34732549,07:11.5,07:55.2,0 days 00:00:43.634437,0.84,0.8,0.97,0.68,0.71,0.54,0.33,0.85,0.23,0.28,0.85,0.44,0.26,COMPLETE
67,67,24.0242154,07:55.2,08:28.5,0 days 00:00:33.364791,0.61,0.95,0.86,0.64,0.82,0.48,0.4,0.67,0.2,0.2,1,0.4,0.38,COMPLETE
68,68,22.90606618,08:28.5,09:00.8,0 days 00:00:32.271563,0.88,0.69,0.92,0.75,0.61,0.39,0.16,0.5,0.1,0.53,0.77,0.47,0.21,COMPLETE
69,69,23.41396011,09:00.8,09:45.0,0 days 00:00:44.188594,0.71,0.72,0.31,0.76,0.61,0.37,0.17,0.51,0.31,0.52,0.78,0.55,0.2,COMPLETE
70,70,23.2510603,09:45.0,10:16.6,0 days 00:00:31.622248,0.78,0.7,0.76,0.74,0.58,0.4,0.21,0.41,0.24,0.41,0.84,0.47,0.31,COMPLETE
71,71,23.06724026,10:16.6,10:58.7,0 days 00:00:42.023184,0.9,0.78,0.21,0.79,0.63,0.51,0.15,0.61,0.1,0.47,0.9,0.33,0.24,COMPLETE
72,72,22.77132704,10:58.7,11:33.7,0 days 00:00:35.078347,0.87,0.83,0.92,0.7,0.7,0.45,0.27,0.57,0.14,0.6,0.87,0.63,0.17,COMPLETE
73,73,22.69893144,11:33.7,12:07.9,0 days 00:00:34.205189,0.98,0.31,0.86,0.84,0.72,0.45,0.28,0.48,0.15,0.71,0.87,0.63,0.17,COMPLETE
74,74,23.3649078,12:07.9,12:39.2,0 days 00:00:31.249397,1,0.32,0.82,0.83,0.83,0.45,0.08,0.47,0.2,0.75,0.87,0.63,0.13,COMPLETE
75,75,22.84938189,12:39.2,13:16.8,0 days 00:00:37.601787,0.97,0.29,0.49,0.72,0.72,0.4,0.2,0.57,0.13,0.67,0.83,0.6,0.17,COMPLETE
76,76,23.14710492,13:16.8,13:55.4,0 days 00:00:38.642457,0.97,0.18,0.49,0.79,0.73,0.41,0.2,0.57,0.07,0.7,0.77,0.73,0.17,COMPLETE
77,77,23.23945548,13:55.4,14:36.0,0 days 00:00:40.589339,0.94,0.27,0.47,0.85,0.88,0.34,0.13,0.52,0.14,0.59,0.74,0.6,0.03,COMPLETE
78,78,23.50807341,14:36.0,15:45.4,0 days 00:01:09.327832,0.92,0.3,0.55,0.73,0.54,0.38,0.27,0.48,0.02,0.69,0.56,0.77,0.17,COMPLETE
79,79,23.0458455,15:45.4,16:25.6,0 days 00:00:40.252009,0.37,0.55,0.43,0.87,0.7,0.46,0.17,0.37,0.11,0.64,0.78,0.71,0.11,COMPLETE
80,80,23.20075379,16:25.6,18:00.0,0 days 00:01:34.436064,0.98,0.25,0.86,0.83,0.75,0.42,0.36,0.44,0.06,0.83,0.86,0.62,0.03,COMPLETE
81,81,23.13062615,18:00.1,18:41.9,0 days 00:00:41.876659,0.85,0.67,0.35,0.71,0.68,0.48,0.23,0.57,0.18,0.75,0.8,0.55,0.08,COMPLETE
82,82,23.18912347,18:41.9,20:17.5,0 days 00:01:35.560702,0.82,0.3,0.4,0.77,0.79,0.3,0.98,0.53,0.25,0.59,0.83,0.66,0.21,COMPLETE
83,83,22.68820286,20:17.5,21:18.5,0 days 00:01:01.052897,0.9,0.34,0.92,0.7,0.23,0.39,0.19,0.62,0.15,0.72,0.71,0.59,0.32,COMPLETE
84,84,22.9118849,21:18.5,22:13.6,0 days 00:00:55.069566,0.89,0.34,0.93,0.92,0.06,0.35,0.1,0.41,0.15,0.8,0.64,0.64,0.33,COMPLETE
85,85,23.0593191,22:13.6,23:08.6,0 days 00:00:54.998327,0.93,0.2,0.88,0.73,0.23,0.39,0.2,0.56,0.13,0.56,0.88,0.59,0.43,COMPLETE
86,86,24.3798751,23:08.6,25:05.3,0 days 00:01:56.657235,0.98,0.46,0.91,0.97,0.97,0.44,0.31,0.5,0.02,0.72,0.68,0.16,0.29,COMPLETE
87,87,23.50112464,25:05.3,26:38.7,0 days 00:01:33.414097,0.9,0.26,1,0.81,0.14,0.43,0.41,0.6,0.08,0.64,0.74,0.68,0.14,COMPLETE
88,88,22.84334852,26:38.7,27:34.0,0 days 00:00:55.324420,0.77,0.31,0.85,0.89,0.27,0.26,0.28,0.63,0.16,0.61,0.72,0.72,0.38,COMPLETE
89,89,22.90808344,27:34.0,28:26.0,0 days 00:00:52.009953,0.49,0.15,0.73,0.84,0.17,0.22,0.28,0.63,0.2,0.66,0.63,0.76,0.38,COMPLETE
90,90,23.45020467,28:26.0,29:32.6,0 days 00:01:06.522486,0.76,0.3,0.81,0.9,0.27,0.28,0.36,0.59,0.98,0.61,0.71,0.71,0.34,COMPLETE
91,91,23.9007587,29:32.6,30:32.1,0 days 00:00:59.510079,0.52,0.43,0.85,0.94,0.61,0.15,0.24,0.54,0.16,0.55,0.71,0.62,0.42,COMPLETE
92,92,22.87683948,30:32.1,31:13.3,0 days 00:00:41.240864,0.81,0.32,0.93,0.88,0.21,0.35,0.19,0.66,0.2,0.72,0.78,0.57,0.3,COMPLETE
93,93,22.77451006,31:13.3,31:51.5,0 days 00:00:38.167942,0.8,0.32,0.89,0.88,0.2,0.35,0.18,0.66,0.12,0.78,0.82,0.57,0.37,COMPLETE
94,94,22.64652686,31:51.5,32:33.7,0 days 00:00:42.198437,0.81,0.35,0.94,0.93,0.21,0.35,0.19,0.65,0.12,0.8,0.96,0.57,0.31,COMPLETE
95,95,24.26777948,38:41.5,39:50.6,0 days 00:01:09.091026,0.77,0.36,0.98,0.98,0.18,0.31,0.25,0.63,0.12,0.98,0.96,0.6,0.52,COMPLETE
96,96,24.34344721,39:50.6,40:42.2,0 days 00:00:51.608352,0.73,0.4,0.9,0.94,0.09,0.19,0.12,0.7,0.05,0.89,0.98,0.73,0.47,COMPLETE
97,97,23.49616325,40:42.2,41:41.0,0 days 00:00:58.757982,0.94,0.23,0.94,0.92,0.15,0.25,0.47,0.66,0.82,0.79,0.95,0.54,0.37,COMPLETE
98,98,23.84226566,41:41.0,42:18.7,0 days 00:00:37.702970,0.8,0.35,0.87,0.99,0.12,0.26,0.05,0.59,0.28,0.84,0.91,0.82,0.26,COMPLETE
99,99,23.26967818,42:18.7,42:51.6,0 days 00:00:32.942030,0.85,0.28,0.84,0.8,0.23,0.36,0.28,0.61,0.13,0.77,0.86,0.49,0.45,COMPLETE
100,100,22.78117686,34:40.3,35:18.3,0 days 00:00:37.951588,0.97,0.29,0.88,0.89,0.19,0.33,0.14,0.56,0.16,0.86,0.89,0.57,0.32,COMPLETE
101,101,22.72029137,35:18.3,36:08.0,0 days 00:00:49.659181,0.69,0.28,0.88,0.9,0.19,0.32,0.18,0.56,0.16,0.86,0.88,0.63,0.31,COMPLETE
102,102,22.8071259,36:08.0,36:58.6,0 days 00:00:50.641460,0.68,0.25,0.89,0.9,0.2,0.32,0.15,0.63,0.16,0.9,0.87,0.56,0.31,COMPLETE
103,103,23.13018158,36:58.6,37:49.2,0 days 00:00:50.589079,0.64,0.07,0.89,0.93,0.15,0.33,0.07,0.55,0.19,0.87,0.88,0.57,0.31,COMPLETE
104,104,23.05177813,37:49.2,38:45.9,0 days 00:00:56.738320,0.69,0.25,0.87,0.86,0.19,0.32,0.14,0.65,0.22,0.92,0.94,0.53,0.34,COMPLETE
105,105,23.46436287,38:45.9,39:18.0,0 days 00:00:32.027661,0.53,0.18,0.95,0.9,0.21,0.28,0.03,0.68,0.24,0.87,0.98,0.64,0.31,COMPLETE
106,106,22.99794873,39:18.0,40:09.4,0 days 00:00:51.451810,0.59,0.38,0.9,0.85,0.16,0.3,0.18,0.75,0.11,0.93,0.9,0.57,0.27,COMPLETE
107,107,23.06292379,40:09.4,40:49.9,0 days 00:00:40.446600,0.62,0.21,0.98,0.96,0.05,0.37,0.15,0.71,0.16,0.85,0.87,0.51,0.41,COMPLETE
108,108,23.5195239,40:49.9,41:37.5,0 days 00:00:47.594224,0.58,0.33,0.83,0.82,0.11,0.45,0.09,0.6,0.09,0.81,0.91,0.68,0.23,COMPLETE
109,109,24.34717625,41:37.5,42:15.2,0 days 00:00:37.773535,0.86,0.41,0.94,0.24,0,0.42,0.11,0.56,0.08,0.77,0.81,0.62,0.35,COMPLETE
110,110,23.35727444,42:15.2,42:44.9,0 days 00:00:29.668221,0.46,0.28,0.91,0.88,0.09,0.34,0.17,0.48,0.26,0.89,0.97,0.55,0.28,COMPLETE
111,111,23.02926806,42:44.9,43:26.0,0 days 00:00:41.088017,0.7,0.31,0.85,0.89,0.27,0.24,0.22,0.63,0.16,0.72,0,0.65,0.39,COMPLETE
112,112,22.58879418,43:26.0,44:07.7,0 days 00:00:41.751242,0.74,0.24,0.81,0.95,0.24,0.27,0.26,0.62,0.15,0.85,0.89,0.58,0.32,COMPLETE
113,113,22.53005625,44:07.7,44:51.4,0 days 00:00:43.647000,0.67,0.24,0.88,1,0.25,0.32,0.26,0.53,0.14,0.94,0.89,0.58,0.33,COMPLETE
114,114,22.56772944,44:51.4,45:25.0,0 days 00:00:33.577166,0.75,0.23,0.81,0.98,0.25,0.28,0.26,0.54,0.12,0.94,1,0.59,0.33,COMPLETE
115,115,35.02795069,45:25.0,45:57.3,0 days 00:00:32.367972,0.66,0.14,0.77,0.98,0.24,0.29,0.3,0.54,0.11,0.79,1,0.59,0.82,COMPLETE
116,116,22.98890596,45:57.3,46:50.3,0 days 00:00:52.919164,0.74,0.17,0.77,1,0.32,0.2,0.26,0.52,0.18,0.96,0.95,0.62,0.35,COMPLETE
117,117,22.51031864,46:50.3,47:26.8,0 days 00:00:36.538264,0.72,0.22,0.82,0.94,0.3,0.36,0.23,0.46,0.13,1,0.93,0.52,0.25,COMPLETE
118,118,22.73920443,47:26.8,48:16.0,0 days 00:00:49.222238,0.72,0.26,0.8,0.95,0.25,0.39,0.24,0.49,0.21,0.98,0.92,0.53,0.26,COMPLETE
119,119,23.10452699,48:16.0,49:08.5,0 days 00:00:52.454516,0.72,0.22,0.8,0.95,0.29,0.22,0.24,0.45,0.23,0.98,0.93,0.5,0.26,COMPLETE
120,120,22.67249994,49:08.5,49:49.6,0 days 00:00:41.095592,0.75,0.24,0.82,1,0.35,0.39,0.23,0.47,0.19,0.95,0.98,0.53,0.29,COMPLETE
121,121,22.74024792,49:49.6,50:29.9,0 days 00:00:40.304285,0.75,0.24,0.75,1,0.34,0.38,0.22,0.46,0.21,0.95,0.99,0.53,0.25,COMPLETE
122,122,22.5301743,50:29.9,51:07.2,0 days 00:00:37.326413,0.7,0.21,0.7,0.97,0.36,0.41,0.31,0.49,0.19,1,0.96,0.45,0.29,COMPLETE
123,123,22.49233544,51:07.2,51:43.7,0 days 00:00:36.461837,0.65,0.2,0.67,0.97,0.38,0.48,0.31,0.43,0.14,0.93,0.96,0.45,0.29,COMPLETE
124,124,22.47891102,51:43.7,52:24.9,0 days 00:00:41.222438,0.66,0.2,0.69,0.97,0.44,0.48,0.35,0.39,0.14,1,0.96,0.45,0.28,COMPLETE
125,125,22.39181552,52:24.9,53:18.4,0 days 00:00:53.533911,0.63,0.12,0.63,0.97,0.47,0.42,0.31,0.34,0.14,1,0.96,0.45,0.23,COMPLETE
126,126,23.16487237,53:18.4,54:00.0,0 days 00:00:41.562971,0.63,0.08,0.69,0.97,0.43,0.52,0.31,0.29,0.04,1,0.96,0.43,0.22,COMPLETE
127,127,22.66217707,54:00.0,54:40.2,0 days 00:00:40.167444,0.66,0.2,0.65,0.98,0.38,0.41,0.35,0.34,0.07,0.95,0.98,0.44,0.29,COMPLETE
128,128,22.76556258,54:40.2,55:30.7,0 days 00:00:50.477151,0.67,0.12,0.63,0.98,0.46,0.41,0.35,0.32,0.07,0.95,1,0.45,0.29,COMPLETE
129,129,22.54403589,55:30.7,56:08.8,0 days 00:00:38.175773,0.66,0.2,0.64,1,0.38,0.47,0.33,0.35,0.09,1,0.98,0.41,0.23,COMPLETE
130,130,22.53927975,56:08.8,56:47.7,0 days 00:00:38.872325,0.66,0.2,0.67,1,0.38,0.48,0.34,0.39,0.09,0.93,0.97,0.37,0.23,COMPLETE
131,131,23.22858836,56:47.7,57:17.1,0 days 00:00:29.428325,0.57,0.2,0.66,1,0.39,0.47,0.34,0.34,0.02,1,0.97,0.37,0.23,COMPLETE
132,132,22.43683097,57:17.1,57:58.6,0 days 00:00:41.459196,0.65,0.16,0.6,0.96,0.36,0.43,0.39,0.36,0.09,0.93,0.94,0.37,0.29,COMPLETE
133,133,22.68773346,57:58.6,58:56.8,0 days 00:00:58.254331,0.66,0.16,0.71,0.96,0.36,0.43,0.4,0.38,0.06,0.94,0.94,0.4,0.28,COMPLETE
134,134,22.61594774,58:56.9,59:57.2,0 days 00:01:00.385930,0.64,0.08,0.59,0.93,0.38,0.5,0.38,0.39,0.09,0.97,0.97,0.32,0.2,COMPLETE
135,135,22.52673417,59:57.2,01:05.5,0 days 00:01:08.264924,0.64,0.07,0.6,0.93,0.47,0.49,0.38,0.36,0.1,0.97,0.95,0.29,0.2,COMPLETE
136,136,22.65580266,01:05.5,02:03.4,0 days 00:00:57.943889,0.6,0.03,0.59,0.94,0.46,0.57,0.38,0.39,0.1,0.97,0.95,0.27,0.19,COMPLETE
137,137,22.65991895,02:03.5,03:08.0,0 days 00:01:04.567932,0.64,0.09,0.58,0.93,0.48,0.5,0.37,0.24,0.09,0.92,0.93,0.34,0.21,COMPLETE
138,138,26.52449166,03:08.0,04:13.3,0 days 00:01:05.252819,0.62,0.14,0.62,0.93,0.51,0.55,0.43,0.42,0.04,1,0.95,0.29,0.62,COMPLETE
139,139,22.48894425,04:13.3,04:46.7,0 days 00:00:33.445716,0.7,0.09,0.68,0.96,0.44,0.49,0.32,0.36,0.12,0.91,0.96,0.41,0.24,COMPLETE
140,140,22.61129817,04:46.7,05:30.0,0 days 00:00:43.266913,0.7,0.07,0.63,0.96,0.45,0.49,0.33,0.36,0.09,0.91,0.91,0.37,0.24,COMPLETE
141,141,22.47437871,05:30.0,06:46.9,0 days 00:01:16.957380,0.7,0.1,0.68,0.97,0.44,0.49,0.47,0.35,0.09,0.92,0.91,0.36,0.23,COMPLETE
142,142,22.30037945,06:46.9,07:27.3,0 days 00:00:40.388231,0.67,0.05,0.67,0.97,0.43,0.47,0.48,0.36,0.12,0.9,0.91,0.37,0.24,COMPLETE
143,143,22.30944268,07:27.3,08:55.4,0 days 00:01:28.029997,0.69,0.06,0.69,0.97,0.42,0.47,0.46,0.32,0.12,0.93,0.93,0.41,0.23,COMPLETE
144,144,22.29314194,08:55.4,09:34.3,0 days 00:00:38.888350,0.68,0.04,0.68,0.98,0.42,0.47,0.49,0.33,0.12,0.93,0.93,0.41,0.22,COMPLETE
145,145,22.82123241,09:34.3,10:33.8,0 days 00:00:59.538864,0.67,0.02,0.68,0.97,0.42,0.48,0.46,0.32,0.05,0.99,0.92,0.4,0.22,COMPLETE
146,146,22.34758811,10:33.8,11:18.5,0 days 00:00:44.701981,0.69,0,0.67,1,0.4,0.47,0.48,0.27,0.12,0.9,0.94,0.35,0.19,COMPLETE
147,147,23.06820386,11:18.5,12:27.1,0 days 00:01:08.620920,0.69,0,0.71,0.13,0.44,0.53,0.49,0.3,0.13,0.89,0.93,0.35,0.19,COMPLETE
148,148,22.42520191,12:27.1,13:06.7,0 days 00:00:39.609131,0.71,0.05,0.67,0.97,0.48,0.46,0.52,0.25,0.11,0.92,0.9,0.38,0.25,COMPLETE
149,149,22.40343759,13:06.7,14:12.8,0 days 00:01:06.017613,0.71,0.05,0.54,0.97,0.48,0.46,0.54,0.25,0.11,0.91,0.91,0.38,0.25,COMPLETE
150,150,22.5441083,07:18.7,09:09.6,0 days 00:01:50.830316,0.72,0.06,0.52,0.95,0.52,0.46,0.54,0.17,0.11,0.91,0.9,0.3,0.25,COMPLETE
151,151,22.45437564,09:09.6,10:24.5,0 days 00:01:14.889695,0.7,0.05,0.67,0.97,0.49,0.44,0.58,0.26,0.12,0.88,0.94,0.38,0.14,COMPLETE
152,152,22.48833508,10:24.5,11:18.6,0 days 00:00:54.151722,0.68,0.04,0.61,0.98,0.48,0.44,0.59,0.26,0.12,0.89,0.91,0.38,0.13,COMPLETE
153,153,23.50988652,11:18.6,12:12.0,0 days 00:00:53.377494,0.71,0.05,0.55,0.92,0.48,0.44,0.57,0.27,0.93,0.89,0.94,0.38,0.13,COMPLETE
154,154,22.51163084,12:12.0,12:52.1,0 days 00:00:40.139107,0.61,0,0.61,0.97,0.5,0.51,0.52,0.21,0.12,0.88,0.91,0.35,0.18,COMPLETE
155,155,22.5296659,12:52.1,13:55.2,0 days 00:01:03.008797,0.61,0,0.57,0.97,0.5,0.51,0.51,0.22,0.13,0.88,0.91,0.42,0.15,COMPLETE
156,156,22.71092379,13:55.2,14:49.5,0 days 00:00:54.390771,0.68,0.04,0.67,0.98,0.41,0.46,0.62,0.25,0.12,0.91,0.92,0.35,0.08,COMPLETE
157,157,22.89731131,14:49.5,15:43.7,0 days 00:00:54.183593,0.7,0.1,0.61,0.95,0.56,0.44,0.49,0.21,0.06,0.92,0.9,0.39,0.16,COMPLETE
158,158,23.47178467,15:43.7,16:52.4,0 days 00:01:08.662841,0.73,0.02,0.65,0.96,0.44,0.52,0.59,0.15,0.03,0.88,0.85,0.33,0.12,COMPLETE
159,159,22.65276707,16:52.4,17:49.6,0 days 00:00:57.209630,0.62,0.05,0.69,0.91,0.49,0.43,0.55,0.32,0.07,0.82,0.93,0.36,0.18,COMPLETE
160,160,22.62458364,17:49.6,18:24.6,0 days 00:00:35.001047,0.69,0.11,0.73,0.97,0.54,0.46,0.65,0.27,0.11,0.9,0.91,0.47,0.1,COMPLETE
161,161,22.35548139,18:24.6,19:11.9,0 days 00:00:47.281081,0.64,0,0.62,0.94,0.47,0.49,0.52,0.29,0.14,0.97,0.94,0.27,0.21,COMPLETE
162,162,22.50144065,19:11.9,20:07.0,0 days 00:00:55.067341,0.65,0.01,0.62,0.98,0.4,0.5,0.53,0.3,0.14,0.93,0.94,0.22,0.15,COMPLETE
163,163,22.96583571,20:07.0,20:40.3,0 days 00:00:33.314502,0.65,0.04,0.67,0.33,0.4,0.54,0.56,0.28,0.14,0.93,0.94,0.2,0.15,COMPLETE
164,164,22.33494008,20:40.3,21:13.6,0 days 00:00:33.350360,0.68,0.02,0.63,0.95,0.43,0.47,0.48,0.25,0.13,0.96,0.94,0.18,0.21,COMPLETE
165,165,22.38880998,21:13.6,21:57.7,0 days 00:00:44.064452,0.68,0.02,0.64,0.99,0.43,0.48,0.48,0.26,0.17,0.92,0.95,0.12,0.21,COMPLETE
166,166,22.38252384,21:57.7,22:28.6,0 days 00:00:30.867999,0.68,0.05,0.65,0.99,0.43,0.47,0.48,0.25,0.17,0.96,0.48,0.42,0.21,COMPLETE
167,167,22.36982953,22:28.6,23:29.0,0 days 00:01:00.405398,0.69,0.04,0.64,1,0.43,0.45,0.48,0.24,0.17,0.96,0.89,0.06,0.2,COMPLETE
168,168,22.40397807,23:29.0,24:06.1,0 days 00:00:37.097418,0.68,0.03,0.64,1,0.46,0.44,0.47,0.25,0.18,0.95,0.89,0.06,0.21,COMPLETE
169,169,22.37638056,24:06.1,24:47.1,0 days 00:00:41.043787,0.73,0.02,0.64,1,0.42,0.46,0.48,0.23,0.17,0.96,0.4,0.07,0.21,COMPLETE
170,170,22.4335828,24:47.1,25:52.8,0 days 00:01:05.674514,0.73,0.02,0.65,1,0.42,0.46,0.47,0.23,0.18,0.96,0.45,0.06,0.21,COMPLETE
171,171,22.45529016,25:52.8,26:56.1,0 days 00:01:03.353503,0.73,0.03,0.64,1,0.46,0.45,0.47,0.22,0.18,0.95,0.48,0.07,0.2,COMPLETE
172,172,22.48014304,26:56.1,27:57.7,0 days 00:01:01.562959,0.73,0.02,0.64,1,0.42,0.46,0.45,0.23,0.19,0.96,0.46,0.07,0.21,COMPLETE
173,173,22.41200592,27:57.7,28:27.8,0 days 00:00:30.076381,0.77,0.03,0.64,1,0.46,0.43,0.5,0.2,0.17,0.96,0.41,0.03,0.19,COMPLETE
174,174,23.37529473,28:27.8,29:23.7,0 days 00:00:55.871416,0.77,0.06,0.65,1,0.42,0.42,0.49,0.2,0.71,0.97,0.52,0.13,0.18,COMPLETE
175,175,23.21876402,29:23.7,30:08.4,0 days 00:00:44.745963,0.68,0.05,0.57,0.95,0.47,0.43,0.5,0.14,0.41,0.97,0.41,0.03,0.21,COMPLETE
176,176,22.47665009,30:08.4,31:17.2,0 days 00:01:08.779266,0.75,0.02,0.54,0.99,0.52,0.46,0.42,0.25,0.17,0.96,0.39,0,0.18,COMPLETE
177,177,22.35147621,31:17.2,31:52.6,0 days 00:00:35.384620,0.71,0,0.66,0.99,0.46,0.42,0.45,0.24,0.17,0.94,0.38,0.05,0.21,COMPLETE
178,178,22.32571419,31:52.6,33:06.1,0 days 00:01:13.556155,0.78,0,0.63,1,0.42,0.41,0.45,0.24,0.17,0.98,0.43,0.06,0.22,COMPLETE
179,179,22.65218587,33:06.1,33:44.8,0 days 00:00:38.654618,0.76,0,0.63,1,0.46,0.41,0.44,0.18,0.23,0.98,0.43,0.06,0.2,COMPLETE
180,180,22.39448003,33:44.8,34:21.1,0 days 00:00:36.284533,0.78,0.03,0.71,0.99,0.42,0.47,0.48,0.23,0.17,0.95,0.38,0.11,0.22,COMPLETE
181,181,22.39251401,34:21.1,34:48.3,0 days 00:00:27.267249,0.78,0.03,0.65,0.99,0.42,0.47,0.48,0.23,0.17,0.96,0.36,0.1,0.22,COMPLETE
182,182,22.53630875,34:48.3,36:09.4,0 days 00:01:21.102705,0.78,0,0.71,0.99,0.4,0.47,0.52,0.24,0.21,0.95,0.37,0.1,0.22,COMPLETE
183,183,22.32258705,36:09.4,37:14.8,0 days 00:01:05.367836,0.77,0.03,0.73,0.94,0.45,0.42,0.49,0.29,0.17,0.98,0.33,0.1,0.25,COMPLETE
184,184,22.42533042,37:14.8,38:12.5,0 days 00:00:57.679050,0.78,0.03,0.73,0.94,0.43,0.41,0.48,0.28,0.17,0.98,0.34,0.1,0.17,COMPLETE
185,185,22.56251322,38:12.5,38:55.1,0 days 00:00:42.575861,0.79,0.07,0.7,0.92,0.45,0.43,0.45,0.19,0.2,0.98,0.29,0.02,0.22,COMPLETE
186,186,22.41090408,38:55.1,39:58.2,0 days 00:01:03.091094,0.76,0.03,0.63,0.99,0.41,0.51,0.5,0.3,0.16,0.95,0.32,0.1,0.19,COMPLETE
187,187,22.43856672,39:58.2,41:07.4,0 days 00:01:09.224438,0.75,0,0.62,0.95,0.4,0.53,0.44,0.31,0.16,0.94,0.25,0.13,0.24,COMPLETE
188,188,22.43292371,41:07.4,41:42.6,0 days 00:00:35.219313,0.72,0.02,0.66,0.98,0.42,0.51,0.42,0.28,0.15,0.94,0.32,0.13,0.26,COMPLETE
189,189,22.46843525,41:42.6,42:22.9,0 days 00:00:40.259860,0.68,0.06,0.58,0.94,0.43,0.48,0.48,0.29,0.19,0.98,0.34,0.09,0.23,COMPLETE
190,190,22.60351063,42:22.9,42:58.6,0 days 00:00:35.731225,0.81,0.04,0.7,0.98,0.4,0.51,0.54,0.33,0.21,0.95,0.37,0.16,0.19,COMPLETE
191,191,22.40130806,42:58.6,44:03.0,0 days 00:01:04.421206,0.77,0.03,0.63,1,0.46,0.45,0.5,0.23,0.17,0.96,0.43,0.08,0.19,COMPLETE
192,192,22.49248598,44:03.0,44:56.5,0 days 00:00:53.443680,0.79,0.08,0.63,0.99,0.45,0.45,0.46,0.23,0.17,0.98,0.36,0.05,0.16,COMPLETE
193,193,22.34439202,44:56.5,46:01.0,0 days 00:01:04.553395,0.74,0.02,0.65,0.95,0.43,0.48,0.5,0.26,0.15,0.91,0.31,0.09,0.21,COMPLETE
194,194,22.47229739,46:01.0,47:21.3,0 days 00:01:20.266491,0.73,0,0.66,0.95,0.44,0.47,0.51,0.26,0.19,0.91,0.38,0.08,0.22,COMPLETE
195,195,22.29597617,47:21.3,48:16.7,0 days 00:00:55.392347,0.68,0.02,0.73,0.92,0.47,0.4,0.48,0.24,0.15,0.93,0.44,0.12,0.21,COMPLETE
196,196,22.33456909,48:16.7,48:47.7,0 days 00:00:30.999952,0.71,0.06,0.72,0.92,0.48,0.4,0.45,0.23,0.15,0.91,0.42,0.15,0.26,COMPLETE
197,197,22.37345688,48:47.7,51:27.7,0 days 00:02:39.993683,0.74,0.01,0.75,0.91,0.43,0.39,0.45,0.16,0.15,0.93,0.46,0.15,0.24,COMPLETE
198,198,22.37838872,51:27.7,52:21.4,0 days 00:00:53.730726,0.74,0.01,0.74,0.92,0.43,0.39,0.44,0.16,0.15,0.93,0.49,0.16,0.26,COMPLETE
199,199,22.42637225,52:21.4,53:12.3,0 days 00:00:50.912616,0.71,0,0.74,0.91,0.39,0.39,0.44,0.11,0.15,0.92,0.49,0.14,0.27,COMPLETE
200,200,22.4178408,54:05.0,54:33.8,0 days 00:00:28.790201,0.74,0.06,0.75,0.92,0.43,0.38,0.42,0.14,0.15,0.9,0.46,0.18,0.24,COMPLETE
201,201,22.3537418,54:33.8,55:06.9,0 days 00:00:33.072024,0.74,0.01,0.73,0.93,0.42,0.4,0.45,0.18,0.14,0.93,0.43,0.12,0.22,COMPLETE
202,202,22.35896379,55:06.9,55:35.9,0 days 00:00:29.058493,0.74,0.01,0.73,0.91,0.44,0.4,0.45,0.17,0.14,0.93,0.51,0.15,0.26,COMPLETE
203,203,22.43113569,55:35.9,56:10.0,0 days 00:00:34.022038,0.69,0.01,0.72,0.91,0.5,0.4,0.45,0.16,0.14,0.93,0.44,0.15,0.26,COMPLETE
204,204,22.48139581,56:10.0,56:41.0,0 days 00:00:31.015916,0.74,0.01,0.77,0.93,0.44,0.37,0.46,0.06,0.14,0.9,0.47,0.17,0.24,COMPLETE
205,205,22.39947737,56:41.0,57:10.0,0 days 00:00:28.987209,0.71,0,0.74,0.9,0.45,0.41,0.42,0.18,0.14,0.86,0.54,0.19,0.27,COMPLETE
206,206,22.36577288,57:10.0,57:37.2,0 days 00:00:27.281108,0.67,0.07,0.73,0.94,0.48,0.4,0.44,0.19,0.15,0.93,0.5,0.21,0.24,COMPLETE
207,207,22.75080923,57:37.2,58:05.2,0 days 00:00:27.966991,0.67,0.08,0.72,0.93,0.4,0.37,0.44,0.11,0.22,0.93,0.51,0.23,0.2,COMPLETE
208,208,22.4470296,58:05.2,58:34.7,0 days 00:00:29.461731,0.72,0.05,0.75,0.87,0.37,0.4,0.41,0.12,0.15,0.9,0.5,0.12,0.26,COMPLETE
209,209,22.58548946,58:34.7,59:12.3,0 days 00:00:37.632813,0.69,0.02,0.78,0.91,0.48,0.4,0.46,0.2,0.19,0.92,0.42,0.21,0.17,COMPLETE
210,210,22.4108549,59:12.3,59:42.3,0 days 00:00:30.030871,0.04,0.07,0.69,0.94,0.51,0.38,0.43,0.18,0.12,0.93,0.4,0.15,0.24,COMPLETE
211,211,22.3647233,59:42.3,00:12.1,0 days 00:00:29.749054,0.67,0.05,0.73,0.95,0.47,0.41,0.49,0.16,0.13,0.98,0.45,0.24,0.22,COMPLETE
212,212,22.75910151,00:12.1,00:41.4,0 days 00:00:29.349648,0.67,0.05,0.72,0.43,0.44,0.42,0.48,0.17,0.13,0.98,0.44,0.26,0.21,COMPLETE
213,213,22.3148253,00:41.4,01:14.9,0 days 00:00:33.480011,0.74,0.02,0.74,0.95,0.47,0.39,0.51,0.21,0.16,0.94,0.47,0.17,0.24,COMPLETE
214,214,23.2052274,01:14.9,01:45.6,0 days 00:00:30.682130,0.75,0,0.74,0.95,0.48,0.36,0.52,0.21,0.51,0.94,0.48,0.24,0.25,COMPLETE
215,215,22.38986857,01:45.6,02:19.7,0 days 00:00:34.130628,0.73,0.04,0.76,0.92,0.46,0.38,0.45,0.15,0.15,0.97,0.46,0.18,0.23,COMPLETE
216,216,22.39389295,02:19.7,02:53.2,0 days 00:00:33.429663,0.71,0.06,0.73,0.89,0.5,0.4,0.5,0.2,0.13,0.94,0.55,0.19,0.27,COMPLETE
217,217,22.511357,02:53.2,03:23.3,0 days 00:00:30.175060,0.73,0.09,0.7,0.94,0.53,0.42,0.51,0.16,0.11,0.87,0.49,0.16,0.24,COMPLETE
218,218,22.64080193,03:23.3,03:57.6,0 days 00:00:34.254098,0.75,0.04,0.69,0.95,0.41,0.4,0.83,0.12,0.16,0.9,0.42,0.21,0.19,COMPLETE
219,219,22.54577858,03:57.6,04:29.3,0 days 00:00:31.672978,0.7,0.02,0.76,0.91,0.45,0.37,0.45,0.19,0.2,0.96,0.44,0.14,0.22,COMPLETE
220,220,28.36925117,04:29.3,05:01.8,0 days 00:00:32.471113,0.64,0,0.73,0.93,0.47,0.43,0.49,0.28,0.56,0.99,0.51,0.18,0.69,COMPLETE
221,221,22.31285357,05:01.8,05:31.4,0 days 00:00:29.638788,0.68,0.02,0.71,0.96,0.43,0.44,0.47,0.27,0.16,0.92,0.46,0.13,0.21,COMPLETE
222,222,22.3149918,05:31.4,06:05.4,0 days 00:00:33.994990,0.67,0.02,0.72,0.95,0.43,0.44,0.46,0.27,0.15,0.94,0.47,0.04,0.2,COMPLETE
223,223,22.40148817,06:05.4,06:35.2,0 days 00:00:29.823188,0.66,0.02,0.71,0.95,0.39,0.42,0.47,0.27,0.13,0.91,0.45,0.04,0.17,COMPLETE
224,224,22.25065564,06:35.2,07:05.8,0 days 00:00:30.590611,0.7,0.02,0.74,0.89,0.41,0.39,0.43,0.31,0.15,0.93,0.41,0.12,0.25,COMPLETE
225,225,22.42829689,07:05.8,07:40.0,0 days 00:00:34.187912,0.69,0.04,0.78,0.88,0.41,0.44,0.41,0.31,0.11,0.88,0.4,0.12,0.2,COMPLETE
226,226,23.87106183,07:40.0,08:09.3,0 days 00:00:29.301092,0.7,0.02,0.72,0.96,0.45,0,0.52,0.28,0.13,0.94,0.3,0.08,0.24,COMPLETE
227,227,22.26357984,08:09.3,08:58.9,0 days 00:00:49.579755,0.67,0.07,0.68,0.9,0.47,0.35,0.46,0.3,0.15,0.91,0.42,0.05,0.23,COMPLETE
228,228,22.810776,08:58.9,09:29.7,0 days 00:00:30.781683,0.66,0.07,0.03,0.9,0.48,0.35,0.43,0.3,0.1,0.9,0.2,0.01,0.23,COMPLETE
229,229,22.24693456,09:29.7,10:05.9,0 days 00:00:36.223378,0.16,0.09,0.69,0.9,0.49,0.36,0.46,0.32,0.15,0.92,0.42,0.04,0.25,COMPLETE
230,230,22.27072827,10:05.9,10:45.1,0 days 00:00:39.245607,0.23,0.09,0.68,0.86,0.5,0.34,0.46,0.32,0.13,0.84,0.43,0.02,0.27,COMPLETE
231,231,22.27972099,10:45.1,11:12.8,0 days 00:00:27.665619,0.19,0.08,0.68,0.87,0.51,0.34,0.46,0.32,0.13,0.89,0.41,0.04,0.27,COMPLETE
232,232,22.30197389,11:12.8,12:08.0,0 days 00:00:55.219920,0.16,0.1,0.68,0.87,0.55,0.35,0.46,0.31,0.13,0.86,0.42,0.01,0.26,COMPLETE
233,233,22.35333463,12:08.0,13:08.8,0 days 00:01:00.736797,0.16,0.12,0.68,0.86,0.54,0.33,0.46,0.33,0.11,0.86,0.42,0.03,0.27,COMPLETE
234,234,22.36222621,13:08.8,13:51.0,0 days 00:00:42.225143,0.17,0.09,0.68,0.86,0.53,0.31,0.46,0.31,0.11,0.83,0.42,0,0.26,COMPLETE
235,235,22.47800817,13:51.0,14:30.5,0 days 00:00:39.547199,0.22,0.11,0.69,0.85,0.57,0.33,0.4,0.33,0.1,0.84,0.42,0.04,0.28,COMPLETE
236,236,22.26954487,14:30.5,15:20.8,0 days 00:00:50.257986,0.14,0.13,0.68,0.87,0.51,0.35,0.47,0.32,0.13,0.86,0.4,0.03,0.27,COMPLETE
237,237,22.5312132,15:20.8,16:11.2,0 days 00:00:50.365783,0.17,0.12,0.67,0.87,0.52,0.34,0.46,0.32,0.08,0.87,0.43,0.02,0.28,COMPLETE
238,238,22.3028066,16:11.2,16:57.8,0 days 00:00:46.634667,0.11,0.13,0.7,0.87,0.56,0.35,0.51,0.33,0.12,0.84,0.41,0.04,0.26,COMPLETE
239,239,22.37433637,16:57.8,17:30.4,0 days 00:00:32.583367,0.14,0.13,0.7,0.85,0.56,0.35,0.5,0.34,0.12,0.88,0.39,0.04,0.3,COMPLETE
240,240,22.39164017,17:30.4,17:59.5,0 days 00:00:29.086559,0.13,0.1,0.68,0.82,0.55,0.34,0.47,0.33,0.1,0.85,0.4,0.02,0.27,COMPLETE
241,241,22.31029413,17:59.5,18:32.7,0 days 00:00:33.222772,0.21,0.13,0.7,0.88,0.59,0.36,0.52,0.3,0.13,0.86,0.41,0.04,0.25,COMPLETE
242,242,22.28659907,18:32.7,19:04.8,0 days 00:00:32.091989,0.12,0.13,0.7,0.87,0.54,0.36,0.5,0.3,0.13,0.87,0.41,0.04,0.26,COMPLETE
243,243,22.34990952,19:04.8,19:38.7,0 days 00:00:33.944728,0.08,0.14,0.7,0.88,0.58,0.36,0.53,0.3,0.12,0.85,0.41,0.04,0.27,COMPLETE
244,244,22.32249993,19:38.7,20:12.3,0 days 00:00:33.548231,0.1,0.13,0.7,0.88,0.59,0.36,0.54,0.3,0.12,0.84,0.39,0.05,0.25,COMPLETE
245,245,22.63257143,20:12.3,20:44.7,0 days 00:00:32.394228,0.1,0.14,0.7,0.88,0.56,0.36,0.54,0.3,0.08,0.83,0.4,0.05,0.3,COMPLETE
246,246,22.30499514,20:44.7,21:16.6,0 days 00:00:31.878417,0.11,0.14,0.7,0.88,0.59,0.35,0.56,0.31,0.13,0.85,0.41,0,0.25,COMPLETE
247,247,22.33306881,21:16.6,21:57.2,0 days 00:00:40.654993,0.19,0.1,0.71,0.83,0.62,0.31,0.55,0.32,0.13,0.82,0.44,0.01,0.25,COMPLETE
248,248,22.33581272,21:57.2,22:54.0,0 days 00:00:56.805362,0.19,0.1,0.71,0.84,0.61,0.3,0.55,0.32,0.13,0.82,0.44,0,0.25,COMPLETE
249,249,22.41149766,22:54.0,23:26.2,0 days 00:00:32.211924,0.2,0.1,0.71,0.83,0.6,0.31,0.54,0.32,0.1,0.81,0.44,0,0.25,COMPLETE
250,250,22.40275285,23:26.2,23:56.5,0 days 00:00:30.268274,0.1,0.16,0.71,0.85,0.62,0.3,0.57,0.35,0.13,0.82,0.39,0,0.28,COMPLETE
251,251,22.31094872,23:56.5,24:57.5,0 days 00:01:00.950630,0.19,0.12,0.69,0.87,0.59,0.33,0.57,0.31,0.13,0.84,0.44,0.02,0.25,COMPLETE
252,252,22.55976697,24:57.5,25:28.9,0 days 00:00:31.451362,0.13,0.13,0.69,0.88,0.58,0.34,0.6,0.29,0.08,0.84,0.46,0.02,0.26,COMPLETE
253,253,22.78690854,25:28.9,25:59.7,0 days 00:00:30.778646,0.22,0.11,0.68,0.87,0.65,0.32,0.56,0,0.11,0.85,0.42,0.03,0.25,COMPLETE
254,254,22.45404919,25:59.7,26:33.4,0 days 00:00:33.740585,0.26,0.16,0.69,0.86,0.61,0.36,0.52,0.31,0.15,0.87,0.36,0.02,0.29,COMPLETE
255,255,22.3675999,26:33.4,27:13.4,0 days 00:00:39.954239,0.11,0.14,0.71,0.89,0.59,0.34,0.61,0.34,0.12,0.84,0.39,0.05,0.27,COMPLETE
256,256,22.30841281,27:13.4,27:41.7,0 days 00:00:28.304573,0.18,0.09,0.67,0.83,0.58,0.37,0.56,0.37,0.16,0.86,0.41,0.06,0.24,COMPLETE
257,257,23.03422899,27:41.7,28:14.9,0 days 00:00:33.219462,0.15,0.09,0.67,0.81,0.59,0.37,0.56,0.37,0.37,0.86,0.41,0.07,0.24,COMPLETE
258,258,22.36411565,28:14.9,28:50.6,0 days 00:00:35.721363,0.18,0.13,0.69,0.83,0.55,0.34,0.57,0.35,0.16,0.81,0.44,0.04,0.3,COMPLETE
259,259,22.44626492,28:50.6,29:28.3,0 days 00:00:37.665683,0.21,0.11,0.71,0.84,0.58,0.36,0.69,0.29,0.18,0.87,0.47,0.02,0.25,COMPLETE
260,260,22.45287224,29:28.3,29:59.6,0 days 00:00:31.250887,0.12,0.08,0.67,0.89,0.64,0.32,0.55,0.32,0.15,0.83,0.38,0.05,0.28,COMPLETE
261,261,22.36592148,29:59.6,30:46.1,0 days 00:00:46.532062,0.25,0.12,0.72,0.87,0.52,0.35,0.51,0.31,0.1,0.88,0.41,0.06,0.26,COMPLETE
262,262,22.26225881,30:46.1,31:31.1,0 days 00:00:45.020472,0.19,0.09,0.75,0.86,0.55,0.37,0.58,0.37,0.13,0.85,0.43,0.08,0.23,COMPLETE
263,263,35.41376243,31:31.1,32:11.3,0 days 00:00:40.172081,0.19,0.09,0.75,0.85,0.55,0.37,0.58,0.37,0.13,0.85,0.45,0.08,0.91,COMPLETE
264,264,22.46917333,32:11.3,32:47.4,0 days 00:00:36.161758,0.08,0.15,0.69,0.8,0.57,0.33,0.53,0.34,0.09,0.79,0.45,0.02,0.23,COMPLETE
265,265,23.28179586,32:47.4,33:22.0,0 days 00:00:34.528364,0.16,0.11,0.75,0.87,0.6,0.37,0.56,0.29,0.62,0.84,0.43,0.07,0.23,COMPLETE
266,266,22.29836213,33:22.0,33:57.2,0 days 00:00:35.174153,0.15,0.08,0.67,0.89,0.54,0.35,0.63,0.36,0.16,0.86,0.4,0.04,0.24,COMPLETE
267,267,22.38802957,33:57.2,34:32.3,0 days 00:00:35.146645,0.14,0.08,0.67,0.89,0.52,0.38,0.6,0.4,0.19,0.86,0.37,0.09,0.23,COMPLETE
268,268,22.35848699,34:32.3,35:09.6,0 days 00:00:37.342697,0.24,0.18,0.18,0.89,0.54,0.35,0.64,0.35,0.16,0.88,0.41,0.04,0.28,COMPLETE
269,269,22.38389502,35:09.6,35:44.1,0 days 00:00:34.437827,0.16,0.08,0.66,0.86,0.56,0.35,0.5,0.38,0.18,0.89,0.39,0.06,0.24,COMPLETE
270,270,22.3359307,35:44.1,36:11.5,0 days 00:00:27.448266,0.11,0.13,0.68,0.89,0.5,0.38,0.5,0.36,0.16,0.86,0.35,0.04,0.3,COMPLETE
271,271,22.3700252,36:11.5,36:47.5,0 days 00:00:35.946696,0.05,0.15,0.7,0.87,0.54,0.33,0.68,0.28,0.11,0.89,0.47,0.09,0.23,COMPLETE
272,272,22.31056895,36:47.5,37:17.4,0 days 00:00:29.900916,0.15,0.07,0.77,0.9,0.58,0.36,0.62,0.33,0.14,0.84,0.13,0.06,0.25,COMPLETE
273,273,22.37179853,37:17.4,37:46.2,0 days 00:00:28.764085,0.29,0.08,0.77,0.9,0.59,0.36,0.58,0.33,0.14,0.84,0.08,0.03,0.27,COMPLETE
274,274,22.32557887,37:46.2,38:19.7,0 days 00:00:33.519284,0.14,0.11,0.74,0.86,0.57,0.34,0.61,0.3,0.12,0.81,0.04,0.11,0.25,COMPLETE
275,275,23.20433594,38:19.7,38:55.4,0 days 00:00:35.738859,0.22,0.07,0.76,0.9,0.51,0.38,0.66,0.34,0.48,0.86,0.4,0.07,0.28,COMPLETE
276,276,22.61222815,38:55.4,40:14.4,0 days 00:01:18.954008,0.17,0.09,0.78,0.84,0.53,0.32,0.65,0.37,0.07,0.83,0.47,0.01,0.25,COMPLETE
277,277,22.41832971,40:14.4,41:12.2,0 days 00:00:57.858712,0.09,0.12,0.73,0.87,0.56,0.36,0.64,0.31,0.1,0.88,0.11,0.05,0.27,COMPLETE
278,278,23.19385862,41:12.2,42:10.9,0 days 00:00:58.634609,0.12,0.1,0.69,0.89,0.59,0.06,0.63,0.34,0.14,0.8,0.38,0.03,0.31,COMPLETE
279,279,22.32570385,42:10.9,43:23.4,0 days 00:01:12.496766,0.05,0.08,0.74,0.9,0.51,0.38,0.72,0.28,0.12,0.85,0.14,0,0.23,COMPLETE
280,280,22.38295723,43:23.4,44:27.2,0 days 00:01:03.822130,0.15,0.06,0.66,0.85,0.63,0.28,0.59,0.32,0.15,0.87,0.41,0.08,0.25,COMPLETE
281,281,22.43451199,44:27.2,45:12.6,0 days 00:00:45.435909,0.2,0.17,0.71,0.88,0.54,0.34,0.53,0.3,0.1,0.89,0.43,0.05,0.29,COMPLETE
282,282,22.31065597,45:12.6,45:58.9,0 days 00:00:46.298120,0.34,0.13,0.69,0.87,0.57,0.36,0.62,0.36,0.16,0.77,0.39,0.1,0.23,COMPLETE
283,283,23.34205223,45:58.9,46:49.3,0 days 00:00:50.377388,0.18,0.13,0.68,0.83,0.57,0.32,0.62,0.36,0.81,0.76,0.39,0.02,0.23,COMPLETE
284,284,22.28529236,46:49.3,47:36.2,0 days 00:00:46.915386,0.13,0.15,0.7,0.87,0.6,0.36,0.62,0.39,0.13,0.83,0.37,0.07,0.22,COMPLETE
285,285,22.33333066,47:36.2,48:08.4,0 days 00:00:32.161163,0.39,0.16,0.66,0.86,0.55,0.35,0.62,0.4,0.14,0.82,0.36,0.09,0.19,COMPLETE
286,286,22.51060053,48:08.4,48:51.0,0 days 00:00:42.623523,0.15,0.11,0.68,0.85,0.61,0.3,0.61,0.37,0.19,0.86,0.42,0.07,0.21,COMPLETE
287,287,22.32515893,48:51.0,49:34.0,0 days 00:00:43.010442,0.23,0.15,0.7,0.91,0.58,0.38,0.67,0.38,0.16,0.89,0.45,0,0.23,COMPLETE
288,288,22.52510175,49:34.0,50:36.3,0 days 00:01:02.265216,0.17,0.06,0.66,0.87,0.53,0.33,0.63,0.35,0.08,0.78,0.41,0.11,0.22,COMPLETE
289,289,24.21909955,50:36.3,51:36.4,0 days 00:01:00.150788,0.2,0.1,0.72,0.81,0.67,0.37,0.59,0.33,0.13,0.87,0.47,0.03,0.55,COMPLETE
290,290,22.29003553,51:36.4,52:28.8,0 days 00:00:52.411886,0.32,0.07,0.76,0.9,0.5,0.35,0.47,0.39,0.16,0.83,0.43,0.06,0.27,COMPLETE
291,291,22.46000077,52:28.9,53:29.7,0 days 00:01:00.837030,0.3,0.07,0.75,0.9,0.51,0.34,0.49,0.38,0.2,0.8,0.42,0.08,0.27,COMPLETE
292,292,22.40367154,53:29.7,54:33.6,0 days 00:01:03.900430,0.13,0.09,0.78,0.88,0.5,0.36,0.59,0.39,0.18,0.83,0.37,0.07,0.29,COMPLETE
293,293,22.32543432,54:33.6,55:47.1,0 days 00:01:13.524331,0.18,0.14,0.69,0.84,0.55,0.32,0.51,0.43,0.11,0.85,0.43,0.1,0.26,COMPLETE
294,294,22.35689771,55:47.1,57:03.8,0 days 00:01:16.647012,0.12,0.12,0.79,0.91,0.53,0.35,0.42,0.42,0.16,0.83,0.62,0.06,0.27,COMPLETE
295,295,22.45712078,57:03.8,57:57.8,0 days 00:00:54.059889,0.45,0.07,0.67,0.57,0.6,0.38,0.47,0.35,0.12,0.9,0.4,0.02,0.31,COMPLETE
296,296,22.32666366,57:57.8,59:01.5,0 days 00:01:03.703340,0.34,0.1,0.76,0.86,0.56,0.29,0.57,0.33,0.14,0.81,0.44,0.04,0.24,COMPLETE
297,297,22.37222755,59:01.5,59:38.4,0 days 00:00:36.877678,0.21,0.06,0.7,0.89,0.63,0.33,0.43,0.41,0.16,0.87,0.38,0,0.23,COMPLETE
298,298,23.23840346,59:38.4,00:40.5,0 days 00:01:02.088982,0.15,0.18,0.74,0.87,0.5,0.37,0.48,0.36,0.67,0.85,0.45,0.11,0.26,COMPLETE
299,299,22.50482749,00:40.5,01:44.8,0 days 00:01:04.292642,0.42,0.12,0.68,0.82,0.57,0.35,0.64,0.33,0.09,0.88,0.4,0.06,0.29,COMPLETE
300,300,22.25956598,54:29.9,55:13.9,0 days 00:00:44.009462,0.34,0.08,0.72,0.91,0.53,0.38,0.52,0.36,0.13,0.79,0.42,0.03,0.25,COMPLETE
301,301,22.2920978,55:13.9,55:56.9,0 days 00:00:42.967153,0.27,0.09,0.66,0.91,0.53,0.31,0.61,0.37,0.13,0.78,0.42,0.03,0.27,COMPLETE
302,302,23.21209948,55:56.9,56:40.5,0 days 00:00:43.646820,0.32,0.09,0.65,0.01,0.53,0.3,0.61,0.4,0.1,0.74,0.41,0.02,0.28,COMPLETE
303,303,22.7854073,56:40.5,57:25.4,0 days 00:00:44.901266,0.29,0.11,0.67,0.9,0.52,0.31,0.6,0.37,0.06,0.77,0.58,0.04,0.31,COMPLETE
304,304,22.52774967,57:25.4,58:10.5,0 days 00:00:45.080441,0.36,0.08,0.69,0.88,0.56,0.33,0.57,0.35,0.13,0.81,0.35,0.02,0.33,COMPLETE
305,305,22.31669017,58:10.5,58:47.3,0 days 00:00:36.757592,0.39,0.09,0.67,0.85,0.54,0.35,0.61,0.39,0.11,0.79,0.37,0.05,0.26,COMPLETE
306,306,22.38439658,58:47.3,59:25.4,0 days 00:00:38.135875,0.27,0.14,0.66,0.91,0.58,0.28,0.53,0.37,0.13,0.75,0.42,0.03,0.28,COMPLETE
307,307,22.3743776,59:25.4,59:56.2,0 days 00:00:30.764230,0.31,0.12,0.72,0.88,0.51,0.32,0.66,0.34,0.1,0.8,0.43,0.98,0.25,COMPLETE
308,308,22.53414429,59:56.2,00:35.0,0 days 00:00:38.823894,0.34,0.07,0.7,0.84,0.54,0.36,0.63,0.32,0.08,0.78,0.39,0,0.27,COMPLETE
309,309,22.37643582,00:35.0,01:20.3,0 days 00:00:45.301911,0.24,0.1,0.69,0.78,0.6,0.34,0.55,0.35,0.14,0.83,0.4,0.88,0.3,COMPLETE
310,310,22.29397352,01:20.3,02:07.0,0 days 00:00:46.630045,0.19,0.15,0.72,0.91,0.57,0.38,0.58,0.38,0.12,0.84,0.43,0.05,0.24,COMPLETE
311,311,22.30883208,02:07.0,02:48.0,0 days 00:00:41.075488,0.33,0.16,0.72,0.92,0.56,0.38,0.59,0.41,0.11,0.82,0.38,0.08,0.23,COMPLETE
312,312,22.5416948,02:48.0,03:24.5,0 days 00:00:36.502230,0.14,0.15,0.77,0.91,0.5,0.38,0.59,0.41,0.07,0.82,0.24,0.07,0.22,COMPLETE
313,313,22.38711462,03:24.5,04:08.9,0 days 00:00:44.406812,0.26,0.17,0.75,0.92,0.52,0.38,0.52,0.39,0.09,0.85,0.37,0.05,0.24,COMPLETE
314,314,23.16606371,04:08.9,05:01.8,0 days 00:00:52.807205,0.17,0.06,0.72,0.92,0.55,0.81,0.49,0.44,0.11,0.83,0.41,0.08,0.27,COMPLETE
315,315,22.42491124,05:01.8,05:46.7,0 days 00:00:44.958460,0.22,0.16,0.73,0.9,0.55,0.38,0.43,0.38,0.12,0.86,0.43,0.06,0.29,COMPLETE
316,316,23.73364874,05:46.7,06:25.0,0 days 00:00:38.310781,0.08,0.08,0.28,0.1,0.49,0.39,0.93,0.41,0.09,0.5,0.34,0.04,0.26,COMPLETE
317,317,29.34030781,06:25.0,07:04.5,0 days 00:00:39.511545,0.12,0.05,0.72,0.92,0.52,0.35,0.58,0.37,0.11,0.8,0.38,0.03,0.79,COMPLETE
318,318,22.30523163,07:04.5,07:45.9,0 days 00:00:41.326024,0.2,0.18,0.76,0.89,0.57,0.37,0.47,0.34,0.14,0.84,0.17,0.06,0.2,COMPLETE
319,319,24.55813934,07:45.9,08:15.4,0 days 00:00:29.501398,0.2,0.18,0.74,0.89,0.53,0.39,0.48,0.39,0.12,0.88,0.41,0.08,0.6,COMPLETE
320,320,22.85362306,08:15.4,08:55.7,0 days 00:00:40.323217,0.28,0.15,0.66,0.89,0.55,0.37,0.4,0.35,0.05,0.82,0.43,0,0.21,COMPLETE
321,321,22.66085877,08:55.7,09:34.1,0 days 00:00:38.369769,0.32,0.14,0.71,0.85,0.49,0.3,0.46,0.97,0.14,0.86,0.17,0.04,0.19,COMPLETE
322,322,22.59002602,09:34.1,10:15.4,0 days 00:00:41.297834,0.24,0.18,0.72,0.88,0.57,0.34,0.51,0.42,0.08,0.9,0.39,0.02,0.18,COMPLETE
323,323,22.31814465,10:15.4,10:56.6,0 days 00:00:41.192367,0.18,0.1,0.38,0.92,0.52,0.39,0.47,0.37,0.11,0.84,0.36,0.06,0.22,COMPLETE
324,324,22.3513942,10:56.6,11:28.0,0 days 00:00:31.471770,0.22,0.16,0.75,0.86,0.61,0.32,0.43,0.32,0.14,0.87,0.41,0.08,0.23,COMPLETE
325,325,22.34593258,11:28.0,12:02.5,0 days 00:00:34.494616,0.19,0.11,0.65,0.82,0.5,0.37,0.5,0.34,0.12,0.89,0.45,0.05,0.2,COMPLETE
326,326,22.5053067,12:02.5,12:37.1,0 days 00:00:34.542944,0.16,0.13,0.68,0.9,0.56,0.26,0.54,0.31,0.18,0.81,0.43,0.02,0.24,COMPLETE
327,327,22.30011867,12:37.1,13:12.1,0 days 00:00:35.004536,0.21,0.61,0.8,0.92,0.54,0.34,0.49,0.36,0.15,0.85,0.4,0.04,0.2,COMPLETE
328,328,22.9206015,13:12.1,13:52.1,0 days 00:00:39.985544,0.13,0.74,0.8,0.92,0.53,0.31,0.46,0.39,0.15,0.83,0.21,0.08,0,COMPLETE
329,329,23.04681807,13:52.1,14:30.7,0 days 00:00:38.639894,0.07,0.53,0.79,0.93,0.54,0.34,0.49,0.37,0.34,0.85,0.39,0,0.16,COMPLETE
330,330,23.31927777,14:30.7,15:24.1,0 days 00:00:53.395189,0.11,0.48,0.82,0.9,0.51,0.9,0.44,0.35,0.18,0.9,0.37,0.06,0.19,COMPLETE
331,331,22.81346802,15:24.1,16:04.2,0 days 00:00:40.134009,0.24,0.09,0.76,0.23,0.49,0.4,0.47,0.4,0.1,0.8,0.42,0.03,0.2,COMPLETE
332,332,23.28665327,16:04.2,16:44.2,0 days 00:00:40.006492,0.16,0.06,0.73,0.92,0.55,0.34,0.41,0.36,0.45,0.87,0.44,0.09,0.17,COMPLETE
333,333,22.28784308,16:44.2,17:27.8,0 days 00:00:43.548440,0.18,0.6,0.77,0.86,0.53,0.36,0.48,0.33,0.15,0.82,0.39,0.04,0.22,COMPLETE
334,334,22.48163933,17:27.8,18:14.7,0 days 00:00:46.858724,0.18,0.6,0.78,0.86,0.53,0.36,0.49,0.34,0.2,0.82,0.38,0.04,0.21,COMPLETE
335,335,24.15989812,18:14.7,18:54.4,0 days 00:00:39.730177,0.21,0.62,0.8,0.83,0.57,0.32,0.56,0.38,0.17,0.78,0.35,0.02,0.5,COMPLETE
336,336,22.24797754,18:54.4,19:52.3,0 days 00:00:57.864564,0.2,0.69,0.77,0.88,0.51,0.37,0.51,0.44,0.15,0.84,0.4,0.05,0.22,COMPLETE
337,337,22.40258195,19:52.3,20:30.9,0 days 00:00:38.598401,0.2,0.09,0.77,0.84,0.52,0.34,0.5,0.43,0.16,0.84,0.4,0.05,0.18,COMPLETE
338,338,22.34323931,20:30.9,21:28.9,0 days 00:00:58.035863,0.17,0.58,0.79,0.88,0.5,0.29,0.52,0.33,0.15,0.85,0.42,0.01,0.21,COMPLETE
339,339,35.87139101,21:28.9,22:07.0,0 days 00:00:38.090755,0.14,0.71,0.81,0.86,0.51,0.36,0.48,0.45,0.18,0.87,0.45,0.06,0.98,COMPLETE
340,340,22.51065203,22:07.0,22:47.8,0 days 00:00:40.786593,0.23,0.65,0.76,0.88,0.49,0.32,0.51,0.36,0.21,0.88,0.27,0.03,0.27,COMPLETE
341,341,23.44991417,22:47.8,23:31.2,0 days 00:00:43.474528,0.19,0.83,0.83,0.85,0.54,1,0.44,0.33,0.15,0.79,0.4,0,0.22,COMPLETE
342,342,22.30294078,23:31.3,24:07.8,0 days 00:00:36.522543,0.16,0.68,0.75,0.89,0.52,0.37,0.47,0.35,0.14,0.84,0.42,0.04,0.19,COMPLETE
343,343,22.36171472,24:07.8,24:43.8,0 days 00:00:36.006097,0.15,0.68,0.78,0.89,0.51,0.4,0.47,0.31,0.13,0.83,0.44,0.03,0.17,COMPLETE
344,344,22.34609571,24:43.8,25:18.3,0 days 00:00:34.512441,0.1,0.72,0.75,0.87,0.53,0.35,0.49,0.35,0.14,0.81,0.42,0.04,0.18,COMPLETE
345,345,22.6142886,25:18.3,25:51.9,0 days 00:00:33.558356,0.13,0.66,0.77,0.89,0.48,0.33,0.46,0.34,0.18,0.84,0.46,0.02,0.14,COMPLETE
346,346,22.30435582,25:51.9,26:22.3,0 days 00:00:30.479740,0.25,0.57,0.75,0.9,0.49,0.37,0.44,0.31,0.13,0.85,0.43,0.05,0.2,COMPLETE
347,347,22.67260835,26:22.3,26:52.1,0 days 00:00:29.717045,0.24,0.64,0.74,0.91,0.48,0.39,0.42,0.29,0.13,0.89,0.35,0,0.33,COMPLETE
348,348,22.40857668,26:52.1,27:24.4,0 days 00:00:32.375568,0.25,0.58,0.75,0.9,0.49,0.31,0.44,0.31,0.16,0.86,0.39,0.04,0.19,COMPLETE
349,349,25.92280461,27:24.4,28:01.4,0 days 00:00:36.917999,0.55,0.62,0.81,0.47,0.51,0.34,0.45,0.31,0.09,0.91,0.43,0.02,0.67,COMPLETE
350,350,22.58050634,28:01.4,28:40.1,0 days 00:00:38.748676,0.16,0.57,0.79,0.37,0.5,0.36,0.49,0.29,0.12,0.8,0.37,0.07,0.3,COMPLETE
351,351,22.26645399,28:40.1,29:20.5,0 days 00:00:40.422836,0.27,0.54,0.73,0.86,0.53,0.38,0.51,0.38,0.15,0.82,0.4,0.04,0.22,COMPLETE
352,352,22.45775593,29:20.5,29:57.7,0 days 00:00:37.157564,0.27,0.61,0.73,0.81,0.52,0.41,0.51,0.39,0.19,0.79,0.33,0.05,0.21,COMPLETE
353,353,22.33744344,29:57.7,30:36.2,0 days 00:00:38.488815,0.28,0.54,0.77,0.86,0.47,0.39,0.43,0.38,0.17,0.81,0.4,0.09,0.22,COMPLETE
354,354,22.29720791,30:36.2,31:20.1,0 days 00:00:43.928486,0.26,0.56,0.74,0.93,0.54,0.38,0.48,0.41,0.16,0.82,0.45,0.04,0.2,COMPLETE
355,355,22.53487546,31:20.1,31:58.6,0 days 00:00:38.496977,0.29,0.56,0.73,0.92,0.54,0.39,0.49,0.42,0.21,0.77,0.45,0.04,0.18,COMPLETE
356,356,22.28461142,31:58.6,32:33.1,0 days 00:00:34.460978,0.23,0.5,0.71,0.84,0.53,0.38,0.53,0.44,0.16,0.82,0.47,0.07,0.23,COMPLETE
357,357,22.41190788,32:33.1,33:14.3,0 days 00:00:41.208577,0.26,0.5,0.7,0.85,0.54,0.41,0.53,0.45,0.18,0.81,0.49,0.1,0.23,COMPLETE
358,358,22.32357612,33:14.3,33:56.9,0 days 00:00:42.614920,0.22,0.79,0.71,0.83,0.54,0.33,0.51,0.44,0.16,0.75,0.48,0.07,0.26,COMPLETE
359,359,22.51640939,33:56.9,34:35.6,0 days 00:00:38.666607,0.27,0.55,0.72,0.8,0.52,0.29,0.53,0.42,0.2,0.79,0.46,0.07,0.28,COMPLETE
360,360,22.31588949,34:35.6,35:06.8,0 days 00:00:31.258303,0.25,0.51,0.71,0.93,0.55,0.39,0.51,0.4,0.16,0.82,0.45,0.11,0.24,COMPLETE
361,361,22.38042783,35:06.8,35:37.5,0 days 00:00:30.646617,0.23,0.54,0.68,0.86,0.51,0.35,0.49,0.46,0.18,0.82,0.38,0.02,0.22,COMPLETE
362,362,22.68596354,35:37.5,36:15.6,0 days 00:00:38.129882,0.21,0.52,0.65,0.93,0.55,0.41,0.53,0.4,0.24,0.91,0.47,0.08,0.26,COMPLETE
363,363,22.25005322,36:15.6,37:00.1,0 days 00:00:44.496913,0.3,0.75,0.74,0.87,0.5,0.37,0.48,0.38,0.15,0.88,0.4,0.06,0.24,COMPLETE
364,364,22.24854661,37:00.1,37:52.3,0 days 00:00:52.230662,0.3,0.6,0.74,0.84,0.49,0.38,0.47,0.42,0.15,0.89,0.36,0.09,0.23,COMPLETE
365,365,23.18197586,37:52.3,38:53.4,0 days 00:01:01.051606,0.3,0.76,0.74,0.82,0.47,0.38,0.48,0.43,0.54,0.89,0.34,0.12,0.22,COMPLETE
366,366,23.35538079,38:53.4,40:06.4,0 days 00:01:13.000774,0.28,0.6,0.78,0.79,0.49,0.41,0.47,0.44,0.75,0.57,0.37,0.1,0.2,COMPLETE
367,367,22.38990443,40:06.4,41:12.4,0 days 00:01:06.028452,0.31,0.62,0.77,0.84,0.5,0.38,0.5,0.41,0.19,0.91,0.36,0.09,0.24,COMPLETE
368,368,22.39651213,41:12.4,42:29.3,0 days 00:01:16.862499,0.31,0.75,0.74,0.91,0.46,0.4,0.46,0.39,0.16,0.88,0.39,0.07,0.16,COMPLETE
369,369,23.47256362,42:29.3,43:20.1,0 days 00:00:50.801345,0.29,0.63,0.76,0.84,0.49,0.37,0.49,0.88,0.87,0.9,0.32,0.06,0.22,COMPLETE
370,370,22.57113957,43:20.1,44:41.5,0 days 00:01:21.452018,0.27,0.56,0.79,0.87,0.52,0.42,0.48,0.42,0.22,0.88,0.4,0.09,0.24,COMPLETE
371,371,22.25076776,44:41.5,45:29.2,0 days 00:00:47.678081,0.23,0.6,0.73,0.91,0.47,0.39,0.45,0.48,0.15,0.78,0.36,0.12,0.21,COMPLETE
372,372,22.36734776,45:29.2,46:20.3,0 days 00:00:51.095286,0.35,0.59,0.73,0.9,0.47,0.39,0.41,0.46,0.17,0.76,0.36,0.13,0.2,COMPLETE
373,373,22.31902991,46:20.3,47:33.1,0 days 00:01:12.817734,0.23,0.6,0.74,0.93,0.5,0.37,0.45,0.5,0.15,0.78,0.34,0.11,0.18,COMPLETE
374,374,22.4365569,47:33.1,48:20.0,0 days 00:00:46.888403,0.25,0.64,0.76,0.85,0.48,0.4,0.44,0.46,0.19,0.8,0.38,0.12,0.21,COMPLETE
375,375,22.36773,48:20.0,50:03.4,0 days 00:01:43.333823,0.32,0.58,0.73,0.89,0.52,0.36,0.54,0.44,0.15,0.77,0.36,0.09,0.16,COMPLETE
376,376,22.39939001,50:03.4,51:12.4,0 days 00:01:09.033488,0.27,0.59,0.72,0.87,0.5,0.33,0.46,0.41,0.18,0.79,0.4,0.06,0.22,COMPLETE
377,377,22.62065188,51:12.4,52:10.9,0 days 00:00:58.494227,0.22,0.55,0.76,0.32,0.53,0.38,0.51,0.48,0.15,0.82,0.43,0.07,0.23,COMPLETE
378,378,22.43079307,52:10.9,53:33.5,0 days 00:01:22.588381,0.51,0.46,0.79,0.91,0.51,0.31,0.4,0.47,0.17,0.73,0.44,0.04,0.2,COMPLETE
379,379,22.67401571,53:33.5,54:52.0,0 days 00:01:18.521794,0.3,0.61,0.51,0.82,0.47,0.35,1,0.38,0.15,0.83,0.39,0.1,0.28,COMPLETE
380,380,22.5324882,54:52.0,56:10.5,0 days 00:01:18.496687,0.26,0.66,0.74,0.88,0.53,0.42,0.65,0.4,0.2,0.87,0.49,0.06,0.24,COMPLETE
381,381,22.40262959,56:10.5,57:23.7,0 days 00:01:13.179450,0.19,0.52,0.71,0.76,0.49,0.38,0.42,0.43,0.16,0.81,0.35,0.08,0.21,COMPLETE
382,382,22.72823862,57:23.7,59:10.6,0 days 00:01:46.873660,0.24,0.78,0.81,0.84,0.51,0.4,0.47,0.38,0.14,0.79,0.46,0.05,0.03,COMPLETE
383,383,22.4152764,59:10.6,00:10.0,0 days 00:00:59.439984,0.47,0.73,0.84,0.91,0.48,0.36,0.52,0.37,0.18,0.86,0.41,0.13,0.18,COMPLETE
384,384,22.99439963,00:10.0,00:56.4,0 days 00:00:46.352206,0.2,1,0.77,0.86,1,0.33,0.49,0.42,0.11,0.83,0.37,0.04,0.25,COMPLETE
385,385,22.52714022,00:56.4,02:31.1,0 days 00:01:34.696648,0.21,0.57,0.72,0.89,0.53,0.37,0.45,0.4,0.22,0.89,0.44,0.02,0.23,COMPLETE
386,386,22.50300689,02:31.1,03:24.9,0 days 00:00:53.825872,0.29,0.69,0.75,0.93,0.51,0.34,0.5,0.48,0.14,0.44,0.33,0.08,0.31,COMPLETE
387,387,22.4210252,03:24.9,04:28.5,0 days 00:01:03.574303,0.23,0.63,0.71,0.66,0.54,0.31,0.43,0.36,0.16,0.85,0.39,0.06,0.27,COMPLETE
388,388,22.27812174,04:28.5,05:22.3,0 days 00:00:53.870762,0.26,0.59,0.74,0.87,0.46,0.39,0.47,0.44,0.13,0.91,0.42,0.03,0.2,COMPLETE
389,389,22.38537751,05:22.3,06:26.6,0 days 00:01:04.271331,0.26,0.48,0.47,0.86,0.45,0.42,0.39,0.44,0.1,0.9,0.43,0.02,0.25,COMPLETE
390,390,22.32379393,06:26.6,07:30.2,0 days 00:01:03.572713,0.28,0.82,0.74,0.81,0.46,0.4,0.46,0.51,0.12,0.92,0.53,0.09,0.29,COMPLETE
391,391,22.24161614,07:30.2,09:06.6,0 days 00:01:36.446097,0.31,0.58,0.73,0.85,0.47,0.38,0.47,0.46,0.13,0.91,0.47,0.11,0.22,COMPLETE
392,392,22.73494306,09:06.6,11:24.2,0 days 00:02:17.544389,0.33,0.56,0.73,0.83,0.47,0.39,0.79,0.48,0.07,0.68,0.48,0.11,0.19,COMPLETE
393,393,22.79107345,11:24.2,12:30.1,0 days 00:01:05.884261,0.37,0.55,0.75,0.84,0.45,0.42,0.47,0.45,0.29,0.76,0.46,0.12,0.22,COMPLETE
394,394,22.48300228,12:30.1,15:22.5,0 days 00:02:52.437735,0.3,0.58,0.72,0.85,0.46,0.39,0.44,0.46,0.1,0.92,0.5,0.13,0.17,COMPLETE
395,395,22.40776915,15:22.5,16:17.5,0 days 00:00:54.967078,0.31,0.59,0.76,0.87,0.48,0.38,0.48,0.44,0.13,0.92,0.48,0.1,0.15,COMPLETE
396,396,22.86513106,16:17.5,17:23.0,0 days 00:01:05.516669,0.28,0.53,0.7,0.81,0.49,0.73,0.45,0.42,0.11,0.91,0.45,0.07,0.21,COMPLETE
397,397,22.29304145,17:23.0,18:33.8,0 days 00:01:10.791078,0.32,0.9,0.73,0.79,0.46,0.4,0.42,0.49,0.13,0.63,0.43,0.09,0.23,COMPLETE
398,398,22.44406336,18:33.8,20:03.7,0 days 00:01:29.882235,0.34,0.84,0.71,0.83,0.45,0.42,0.41,0.47,0.09,0.73,0.42,0.14,0.26,COMPLETE
399,399,35.49654172,20:03.7,20:51.7,0 days 00:00:48.026133,0.29,0.88,0.73,0.8,0.46,0.6,0.39,0.49,0.13,0.91,0.43,0.11,0.86,COMPLETE
